index,pv,npv,bs,wet,water,veg_areas,overall_veg_num,norm_bs,norm_pv,norm_npv,off_value
0,0.30215930304915994,0.36202862476664593,0.08138353038788633,0.11449906658369632,0.12860402406139804,0.7568969093549056,0.7455714582036922,0.08261977030530748,0.30674919230647246,0.36752794674312567,0
1,0.3269798796930098,0.36909562331466506,0.09540759178593654,0.07114706492428957,0.12528521053723293,0.8035677245384775,0.7914830947936113,0.09686430694405754,0.33197231832638485,0.3747310992680351,0
2,0.3007799211781788,0.3673096867869737,0.08486621032980711,0.07716241443683883,0.15847334577888406,0.7643642397842771,0.7529558182949596,0.08615206200147084,0.3053371927111815,0.3728749850716248,0
3,0.28829455754050687,0.3563917739925218,0.07036975488159534,0.12692147901952638,0.14748649771499792,0.7255920232654758,0.715056086414624,0.0714066124200857,0.2925424106955246,0.36164300014986545,0
5,0.25967434142294127,0.32854594482472516,0.08684505289359054,0.1663555278987762,0.14872433105164903,0.6849201410495748,0.675065339141257,0.08811284245907529,0.26346514365647217,0.3333421549340273,0
7,0.32537232939224225,0.3529060360920971,0.07583696328562539,0.10495747770172163,0.12922630159717902,0.7658162207010993,0.7541153287699648,0.07701365347867305,0.33042082306204995,0.35838174416037627,0
12,0.35731383530387884,0.3107114706492429,0.08475834889027173,0.0875337066998548,0.1472723501348268,0.7651939431653184,0.7527836548433935,0.08615566343164206,0.3632044622974424,0.31583381743623395,0
13,0.3641671852312798,0.29623936942543044,0.08705247873885087,0.09769757311761046,0.14250155569383946,0.75980087118855,0.7474590333955611,0.08848986530329143,0.37018021354299363,0.3011307923422649,0
14,0.3721987139597594,0.2744513586392865,0.0763576021572288,0.11864758348890271,0.1462352209085252,0.7351171956025722,0.7230076747562746,0.07763650141014193,0.37843260087829067,0.27904809331413966,0
15,0.3740875912408759,0.24645672575599584,0.09244421272158498,0.16996871741397288,0.10531803962460896,0.7247132429614181,0.7129885297184567,0.09396440812439169,0.38023926066083336,0.25050957417619313,0
21,0.37244762497407174,0.25526861646961213,0.09599875544492843,0.09624559220078822,0.1676000829703381,0.7361543248288737,0.7237149968886123,0.09764879725139966,0.37884931371555436,0.25965621386191967,0
22,0.362514001244555,0.2688612321095208,0.09440779921178179,0.10578718108276292,0.15619166148102054,0.7380211574362165,0.7257830325658576,0.09599969979866235,0.36862669803604653,0.2733947596015076,0
23,0.34240530303030303,0.21458122895622894,0.21431607744107742,0.10816498316498316,0.10858585858585859,0.7832491582491583,0.7713026094276093,0.2176355754579359,0.3477087489403907,0.21790483385083184,0
28,0.3450204520990312,0.28216792249730893,0.11188374596340152,0.12292787944025835,0.12508073196986005,0.7519913885898817,0.7390721205597417,0.11383951734498542,0.3510515437510497,0.2871003274938465,0
31,0.364955403443269,0.32768512756689483,0.09243103090645095,0.05455299730346401,0.14747977598008713,0.7979672267164489,0.7850715619166148,0.09394931235937065,0.37095019777539706,0.3330677165816813,0
32,0.37865173200580793,0.3479381870981124,0.08445550715619166,0.03381041277743207,0.14229412984857914,0.8238954573739888,0.811045426260112,0.08579360223638913,0.38465100945693,0.3534508456806697,0
33,0.3837025513378967,0.3548392449699232,0.09041485169052065,0.03360298693217175,0.12445550715619166,0.8419415059116365,0.8289566479983406,0.09183111875983967,0.3897129055851573,0.36039748156663953,0
36,0.34236465463596766,0.3552872847956855,0.10371914540551752,0.06181290188757519,0.12424808131093135,0.8139390168014935,0.8013710848371707,0.10534577654746734,0.3477339720069931,0.36085926824703307,0
38,0.2917011062408683,0.344694218326028,0.08399499060738887,0.1269046128156961,0.1419327906491338,0.7311625965351701,0.7203903151742852,0.08525100092938878,0.2960630282760748,0.34984856732970654,0
39,0.2869549885915785,0.3408525202240199,0.0888280439742792,0.13399709603816637,0.13856046463389338,0.7274424393279403,0.7166355527898776,0.09016757365417151,0.291282278789738,0.3459925868840308,0
44,0.4332275461522506,0.399759386019498,0.06916822236050613,0.054760423148724334,0.027587637419622484,0.9176519394316532,0.9021551545322548,0.0703563606296382,0.4406693194009957,0.4066262594010193,0
46,0.45064716863721216,0.4273283551130471,0.10340593237917446,0.0020742584526031943,0.0008297033810412777,0.9970960381663555,0.9813814561294338,0.1050617421535774,0.4578632535316489,0.43417104248112914,0
47,0.41332711055797555,0.4459054138145613,0.12493673511719561,0.00020742584526031943,0.0,0.9997925741547397,0.9841692594897324,0.12692005852130867,0.41988852206881017,0.4529839935646209,0
48,0.3972225679319643,0.5051960174237711,0.08303256585770587,0.0,0.0,1.0,0.9854511512134413,0.08425842900022311,0.40308702003426744,0.5126545509655094,0
49,0.3695457373988799,0.4907861439535366,0.12450321510060154,0.0,0.0,1.0,0.9848350964530181,0.12642036778442634,0.3752361575352419,0.49834347468033163,0
50,0.3582783654843393,0.4972599045841112,0.12930304915992533,0.0,0.0,1.0,0.9848413192283757,0.13129328211090333,0.3637929872449409,0.5049137306441558,0
51,0.37288736776602366,0.49755030076747553,0.11499066583696328,0.0,0.0,1.0,0.9854283343704624,0.11669104878177132,0.37840130505709635,0.5049076461611325,0
55,0.32779298900643017,0.5181663555278988,0.13999377722464218,0.0,0.0,1.0,0.9859531217589712,0.14198826915309007,0.33246305708899954,0.5255486737579104,0
56,0.31632270168855536,0.5232061705232436,0.14580362726704188,0.00020846362309776944,0.0,0.9997915363769022,0.9853324994788408,0.14794318932111034,0.3209645069855778,0.530883840070214,0
57,0.323092479460712,0.49865809985253845,0.1639751421950706,0.0,0.0,1.0,0.985725721508321,0.16634966362058798,0.3277711765158444,0.5058791598635676,0
58,0.2868014934660859,0.5584401576436423,0.1410910599460693,0.0,0.0,1.0,0.9863327110557976,0.1430461124979233,0.29077560771464805,0.5661782797874286,0
59,0.29742791951877207,0.5107259904584112,0.17762912258867455,0.0,0.0,1.0,0.9857830325658579,0.1801908906124407,0.3017174263434095,0.5180916830441498,0
60,0.29704418170504043,0.5341734080066376,0.15517320058079234,0.0,0.0,1.0,0.9863907902924703,0.15731412144955512,0.3011424930447345,0.5415433855057104,0
61,0.2909769757311761,0.5455527898776187,0.15001866832607344,0.0,0.0,1.0,0.9865484339348682,0.15206416954889987,0.29494444035617046,0.5529913900949297,0
65,0.2626218626840905,0.5799066583696328,0.14501140842148932,0.0,0.0,1.0,0.9875399294752126,0.14684105836464725,0.26593543698395067,0.5872235046514022,0
67,0.27028624766645926,0.572984857913296,0.1438933831155362,0.0,0.0,1.0,0.9871644886952915,0.14576434298777927,0.2738006186017583,0.5804350384104624,0
68,0.3064488695291433,0.5530076747562747,0.12807508815598426,0.0,0.0,1.0,0.9875316324414022,0.1296921373944788,0.31031802877193126,0.55998983383359,0
71,0.31933416303671436,0.5390707322132338,0.12853142501555695,0.0,0.0,1.0,0.986936320265505,0.13023274387245115,0.3235610611136565,0.5462061950138923,0
72,0.3325692963752665,0.5230383795309169,0.13110447761194033,0.0,0.0,1.0,0.9867121535181238,0.13287003422881444,0.33704793762749363,0.5300820281436919,0
74,0.34666459240821407,0.5160236465463597,0.1234370462559635,0.00020742584526031943,0.0,0.9997925741547397,0.9861252852105373,0.12514783270764537,0.351469220402471,0.5231755210446232,0
75,0.34548785683851724,0.43914358755858546,0.20114614401363445,0.0,0.0,1.0,0.9857775884107371,0.20404820151969644,0.3504724198442268,0.4454793786360768,0
76,0.35878448454677453,0.5149097697573117,0.1114104957477702,0.0012445550715619166,0.0,0.998755444928438,0.9851047500518564,0.11295432211082597,0.36375619697100336,0.5220449258466088,0
77,0.356220701099357,0.49688238954573744,0.13060775772661276,0.0022816842978635138,0.0,0.9977183157021365,0.9837108483717072,0.13246753583364942,0.36129307560994733,0.5039577042585398,0
79,0.3325325767129046,0.4737116435477091,0.17472467423287097,0.004623791509037411,0.0,0.9953762084909626,0.9809688944934847,0.1772908241474203,0.33741642295307206,0.4806689613904703,0
80,0.35809583074051027,0.4881331673926571,0.12660029039618337,0.013275254096660444,0.0,0.9867247459033396,0.9728292885293508,0.12840859218096426,0.36321071102889063,0.49510544269348467,0
81,0.3481974694046878,0.493685957270276,0.13442231902095,0.009749014727235014,0.0,0.990250985272765,0.9763057456959138,0.13634236451027248,0.35317101089239106,0.5007376098701015,0
82,0.33142733750809755,0.5110148995897215,0.14120708270351978,0.0023752969121140144,0.0,0.997624703087886,0.9836493198013389,0.1432133089711854,0.336136153932889,0.5182752401838115,0
83,0.3331819124662933,0.5397573117610455,0.11042522298278368,0.003318813524165111,0.0,0.9966811864758349,0.9833644472101225,0.11192060336489106,0.3376938679970763,0.5470667151138676,0
84,0.3039867247459034,0.5565090230242689,0.12376063057456961,0.002489110143123833,0.0,0.9975108898568762,0.9842563783447419,0.12542725599736682,0.30808036907610997,0.5640032647833995,0
85,0.3033789670192906,0.5778261771416718,0.10098319850653392,0.0043559427504667085,0.0,0.9956440572495333,0.9821883426674964,0.10236664100697611,0.30753517679400455,0.5857422394485525,0
86,0.27122796100394114,0.59291640738436,0.12260734287492224,0.0,0.0,1.0,0.9867517112632235,0.12425348897339364,0.27486951165934087,0.6008769993672655,0
87,0.27046905967848495,0.5819224840343536,0.13432283637965206,0.0,0.0,1.0,0.9867143800924907,0.13613142677322812,0.27411079146645484,0.589757781760317,0
89,0.2780916822236051,0.5806285003111388,0.12819332088778262,0.0,0.0,1.0,0.9869135034225265,0.1298931673781135,0.28177918455792567,0.5883276480639609,0
90,0.28359468989836134,0.5756274631819124,0.12806471686372123,0.0,0.0,1.0,0.987286869943995,0.12971378508354503,0.28724649190812046,0.5830397230083345,0
91,0.2780211574362166,0.5697656087948558,0.13906243517942338,0.0,0.0,1.0,0.9868492014104958,0.1409155876912729,0.2817260803766605,0.5773583319320665,0
93,0.26538270068450526,0.5898921385604646,0.13165525824517735,0.0,0.0,1.0,0.9869300974901472,0.13339876712645468,0.2688971603555283,0.5977040725180172,0
94,0.294814353868492,0.5741982991080689,0.11820369218004563,0.0,0.0,1.0,0.9872163451566065,0.11973433458630028,0.2986319617932625,0.5816337036204372,0
95,0.2846027795063265,0.5839597593860195,0.11729931549471063,0.0010371292263015972,0.0,0.9989628707736984,0.9858618543870566,0.11885809398644313,0.2883848364561964,0.5917199403310589,0
98,0.2838021157436217,0.5633727442439328,0.13958307405102677,0.0,0.0,1.0,0.9867579340385813,0.1414562470045153,0.28761067527684586,0.5709330777186389,0
110,0.5748765816220701,0.28204314457581414,0.12170089193113462,0.005393071976768305,0.0,0.9946069280232317,0.9786206181290189,0.12368894341581806,0.5842675090299827,0.28665047557743095,0
111,0.5897912087912087,0.24014945054945055,0.12535384615384615,0.02923076923076923,0.00021978021978021978,0.9705494505494505,0.9552945054945055,0.12735560165909016,0.5992094902031196,0.24398435868724072,0
114,0.6485376477909147,0.23514830947936113,0.09723916199958516,0.0008297033810412777,0.0,0.9991702966189587,0.980925119269861,0.0990478074518299,0.6606004282917539,0.23952206087537484,0
115,0.5213565650280025,0.382582451773491,0.07770172163451566,0.0,0.0,1.0,0.9816407384360093,0.07915494802947284,0.5311073029208725,0.3897377490496546,0
116,0.441217589711678,0.4601949802945447,0.0818834266749637,0.0,0.0,1.0,0.9832959966811865,0.08327444325140756,0.4487128913377787,0.46801266541081366,0
117,0.37372951669778054,0.5165442854179632,0.0942895664799834,0.0,0.0,1.0,0.9845633685957271,0.0957679002566058,0.37958909362109133,0.5246430061223029,0
118,0.3171727857291019,0.5699439950217797,0.09839037544077993,0.0,0.0,1.0,0.9855071561916615,0.09983730186292525,0.3218371208533549,0.5783255772837199,0
119,0.3082182119892139,0.5879921178178801,0.09022401991288115,0.0,0.0,1.0,0.9864343497199752,0.09146479939439818,0.31245689292623435,0.5960783076793674,0
122,0.23357187305538274,0.6181622070109936,0.13578718108276294,0.0,0.0,1.0,0.9875212611491393,0.1375030456810143,0.23652338662925032,0.6259735676897353,0
123,0.22440365069487656,0.6159012652976561,0.147004770794441,0.0,0.0,1.0,0.9873096867869736,0.14889428591837509,0.22728800668932858,0.6238177073922964,0
124,0.2276996473760631,0.6185791329599668,0.14153495125492638,0.0,0.0,1.0,0.9878137315909563,0.1432810121266208,0.23050868812011133,0.6262102997532678,0
125,0.2098444306160548,0.6390416925948974,0.13838415266542212,0.0,0.0,1.0,0.9872702758763743,0.14016845847261236,0.21255013519958485,0.6472814063278028,0
126,0.21848164281269444,0.6505185646131508,0.11892138560464632,0.0,0.0,1.0,0.9879215930304917,0.12037532780293818,0.22115281653323587,0.6584718556638259,0
127,0.23111387678904793,0.671395975938602,0.08589711678075089,0.0,0.0,1.0,0.9884069695084008,0.08690460451070385,0.23382461265322313,0.6792707828360731,0
129,0.21549056212404064,0.6414416096245592,0.12853972204936737,0.0006222775357809583,0.001451980916822236,0.9979257415473969,0.9854718937979672,0.13016413583349606,0.21821381244606558,0.6495477932678353,0
137,0.33434142294129854,0.3629807093963908,0.11082970338104128,0.10972827214270899,0.06928023231694669,0.8209914955403443,0.8081518357187306,0.11259053052595194,0.3396533333337593,0.3687476316806331,0
138,0.3288176726820161,0.3470794440987347,0.10744243932794026,0.10703173615432483,0.09728272142708981,0.7956855424185854,0.7833395561086911,0.10913580828231022,0.3340000721328364,0.35254966200343874,0
140,0.30970338104127776,0.3429910806886538,0.1193507571043352,0.1153287699647376,0.10060153495125493,0.7840696950840075,0.7720452188342667,0.12120962535347299,0.31452695984074014,0.3483331098897944,0
141,0.3074486621032981,0.35853764779091474,0.13212196639701307,0.10184609002281685,0.08794855839037544,0.8102053515868077,0.7981082762912259,0.13412456356732708,0.3121087185461063,0.3639720694733743,0
143,0.30366936320265503,0.37412155154532256,0.13430616054760422,0.08421489317568968,0.0918896494503215,0.8238954573739888,0.8120970752955818,0.13625739943988535,0.30808115987273593,0.37955689806136755,0
145,0.3234536403235843,0.3355278987761875,0.12372121966397014,0.11823273179838208,0.0864965774735532,0.7952706907280647,0.7827027587637418,0.12570782294838398,0.3286473659105749,0.3409155018691059,0
146,0.3068616469612114,0.35873677660236464,0.11690935490562127,0.09334163036714374,0.11221738228583282,0.7944409873470235,0.7825077784691973,0.11869221737708437,0.3115412734525231,0.3642074965174161,0
148,0.3193030491599253,0.3697241236258038,0.09802945447002696,0.08297033810412778,0.11823273179838208,0.7987969300974901,0.7870566272557561,0.09949173233293111,0.32406600314012024,0.3752391946244387,0
149,0.32034017838622697,0.3617568969093549,0.09904791537025513,0.0885708359261564,0.11864758348890271,0.7927815805849409,0.7811449906658371,0.10052341606126426,0.3251122339393397,0.36714593058433687,0
150,0.30187305538270065,0.33813731590956236,0.0924061398050197,0.09686786973656918,0.15971790085044596,0.743414229412985,0.7324165110972827,0.09379367910925314,0.3064058789604017,0.3432146713433301,0
155,0.3393735739473138,0.27867040033188134,0.1005268616469612,0.15992532669570628,0.10952084629744867,0.7305538270068451,0.7185708359261564,0.10220326211614049,0.34503301669994174,0.28331754819076277,0
156,0.3545861854387057,0.30548019083177763,0.08522505704210745,0.13399709603816637,0.10827629122588675,0.7577266127359469,0.7452914333125907,0.08664703618786783,0.3605024520692982,0.3105771244787809,0
157,0.3530346401161585,0.2963845675171126,0.10318398672474591,0.1215515453225472,0.11283965982161377,0.765608794855839,0.752603194358017,0.10496709064879892,0.359135368263027,0.30150633594401305,0
158,0.37880315287284794,0.3121302634308235,0.08286869943995022,0.08504459655673097,0.12777432068035677,0.7871810827629122,0.7738021157436217,0.08430149158949499,0.38535262435396267,0.3175269668194545,0
160,0.3636797344949181,0.292221530802738,0.09556730968678698,0.114291640738436,0.12113669363202655,0.7645716656295375,0.7514685749844431,0.09723368292343192,0.3700210888582319,0.2973168938478737,0
161,0.3640862891516283,0.28319850653391415,0.09020120306990251,0.11491391827421697,0.13482679941920764,0.7502592823065755,0.737485998755445,0.09176349109355221,0.37039227654157303,0.28810351467145023,0
162,0.36623936942543045,0.2831321302634308,0.08251814976146028,0.11512134411947729,0.14042729724123626,0.7444513586392865,0.7318896494503216,0.0839344411393933,0.3725252794061596,0.2879916380937335,0
163,0.3671810827629123,0.29358639286455096,0.08582659199336239,0.09168222360506119,0.14893175689690935,0.7593860194980295,0.7465940676208257,0.0872971228777855,0.3734722695598964,0.2986166270603476,0
164,0.3769778054345571,0.2992076332711056,0.08894212818917238,0.08048122796100395,0.14125700062227753,0.7782617714167185,0.7651275668948351,0.09046891163391099,0.3834490186165399,0.30434384116626767,0
165,0.3968554241858536,0.33233561501763115,0.06717485998755446,0.07322132337689276,0.11740302841734081,0.8093756482057664,0.7963658991910393,0.06827225512894018,0.4033386117118836,0.3377647813649425,0
166,0.3913627878033603,0.34238747147894627,0.09736984028209913,0.056419829910806886,0.09894212818917238,0.8446380419000208,0.8311200995644058,0.09895353424744939,0.39772819708729423,0.3479563105652771,0
167,0.40201578498293516,0.3736924061433447,0.09163609215017066,0.04778156996587031,0.07081911262798635,0.8813993174061433,0.8673442832764505,0.09312102544311521,0.40853032100692993,0.37974797095609814,0
168,0.4369072806471686,0.40447417548226505,0.1073345778884049,0.013067828251400125,0.023024268823895456,0.9639079029247045,0.9487160340178387,0.10905333542805429,0.4439035133385645,0.41095105415808564,0
170,0.38011200995644057,0.3092325243725368,0.10428749222153082,0.08234806056834681,0.11076540136901059,0.8068865380626427,0.7936320265505081,0.10602920591248399,0.38646029082631245,0.31439704132384627,0
171,0.3574548848786559,0.30102053515868077,0.10134411947728687,0.11263223397635345,0.11491391827421697,0.7724538477494296,0.7598195395146234,0.1030292733548497,0.36339865831527884,0.3060259160793012,0
172,0.3709790499896287,0.32293922422733873,0.08610661688446382,0.10412777432068036,0.10309064509437876,0.792781580584941,0.7800248911014313,0.08751482242585314,0.3770461186173012,0.32822063954178665,0
174,0.3791661481020535,0.308713959759386,0.08527898776187513,0.1877203899605891,0.02613565650280025,0.7861439535366106,0.7731590956233146,0.0867112098560677,0.38553407235788556,0.3138986713226573,0
175,0.39250155569383943,0.31038581207218424,0.0840323584318606,0.19207633271105579,0.0074673304293715,0.8004563368595727,0.7869197261978843,0.08547788493374614,0.39925337619935114,0.31572507572647546,0
176,0.3629951796669588,0.28748904469763364,0.08116345311130589,0.21779141104294478,0.03790534618755478,0.7443032427695004,0.7316476774758984,0.08256736569372254,0.3692740340103314,0.2924618430654464,0
177,0.40168014934660856,0.3168865380626426,0.08601120099564406,0.18004563368595727,0.001451980916822236,0.8185023853972205,0.8045778884048952,0.08749976130388787,0.40863186168180876,0.32237076241152396,0
178,0.40929475212611494,0.33069902509852733,0.0951234183779299,0.14976146027795062,0.0006222775357809583,0.8496162621862684,0.8351171956025722,0.09677492403964154,0.41640081088610975,0.33644052726051704,0
179,0.3917403028417341,0.3109023024268824,0.1090188757519187,0.1727857291018461,0.001451980916822236,0.8257622899813317,0.8116614810205353,0.11091283570449123,0.3985459173765898,0.31630353690025065,0
180,0.4155341215515453,0.3650404480398257,0.1077141671852313,0.09624559220078822,0.00020742584526031943,0.9035469819539514,0.8882887367766024,0.10956438671852205,0.42267180240202573,0.37131079283340357,0
181,0.3846898983613359,0.35126737191454055,0.09665422111595105,0.15308027380211575,0.0,0.8469197261978842,0.8326114913918274,0.098315201423119,0.3913007047820724,0.3573038199926929,0
183,0.3702489110143124,0.37536195809997924,0.11293714996888612,0.1248703588467123,0.0026965359883841526,0.8724331051649036,0.8585480190831778,0.11476365473540731,0.3762368556450494,0.38143259478444685,0
184,0.3854760423148724,0.3844700269653599,0.10052686164696122,0.11346193735739474,0.0020742584526031943,0.884463804190002,0.8704729309271936,0.1021426023906882,0.39167169327914975,0.39064950852016406,0
186,0.3990914747977598,0.4073594689898361,0.11885708359261564,0.05787181082762912,0.0020742584526031943,0.9400539307197676,0.9253080273802116,0.12075121507533981,0.4054514804789712,0.41385123516545663,0
188,0.4398817672682016,0.4039991702966189,0.10031113876789048,0.03982576228998133,0.0010371292263015972,0.959137108483717,0.944192076332711,0.10189890171524854,0.4468443835824568,0.4103938231860117,0
190,0.4387699647376062,0.4363264882804397,0.09791329599668121,0.011823273179838207,0.0008297033810412777,0.9873470234391205,0.973009749014727,0.09935604597521204,0.4452352292429152,0.44275574822099334,0
191,0.4298921385604646,0.44995436631404273,0.0985687616677038,0.006222775357809583,0.0012445550715619166,0.9925326695706285,0.9784152665422111,0.09999099513242965,0.436094985946784,0.45644668849141484,0
192,0.4337502592823065,0.45138975316324415,0.09699232524372539,0.002903961833644472,0.0008297033810412777,0.9962663347853142,0.982132337689276,0.09838815469636127,0.43999241695275426,0.45788576313619866,0
193,0.4180639800581637,0.458560448691317,0.10279393435812215,0.005816368923971749,0.0012463647694225177,0.9929372663066057,0.9794183631076028,0.10421279814542429,0.4238345135607863,0.4648899546003952,0
194,0.4095581829495955,0.46788425637834474,0.10896494503215101,0.0,0.0,1.0,0.9864073843600913,0.11046647334543168,0.4152018622764942,0.47433166437807406,0
195,0.40257000622277533,0.4807176934246007,0.10308857083592617,0.0,0.0,1.0,0.9863762704833021,0.1045124197740636,0.4081302625270224,0.4873573176989141,0
197,0.4205164903546982,0.44543455714582036,0.11946276706077578,0.0,0.0,1.0,0.9854138145612943,0.12123106586846516,0.4267410139180075,0.45202792021352733,0
198,0.4135407591785936,0.4432752540966604,0.1280564198299108,0.0,0.0,1.0,0.9848724331051648,0.13002335685868155,0.4198927143028641,0.4500839288384544,0
200,0.4016324414021987,0.4411926986102468,0.141688446380419,0.0,0.0,1.0,0.9845135863928646,0.14391720778536723,0.4079501257811282,0.4481326664335045,0
204,0.41325036299522927,0.41873885086081725,0.1519539514623522,0.0,0.0,1.0,0.9839431653183988,0.15443366732790983,0.41999413945977626,0.4255721932123138,0
205,0.4176892760838,0.42107861439535366,0.14549471064094588,0.0,0.0,1.0,0.9842626011200996,0.1478210291393492,0.4243677201678352,0.42781125069281556,0
207,0.372885293507571,0.48170504044803975,0.13061812901887576,0.0,0.0,1.0,0.9852084629744864,0.13257917885167247,0.3784836484065276,0.48893717274180004,0
208,0.351406347230865,0.5209209707529558,0.11345364032358432,0.0,0.0,1.0,0.9857809583074052,0.11509011141621689,0.3564750812738693,0.5284348073099138,0
209,0.32643642397842765,0.5440945861854388,0.11528313627878033,0.0,0.0,1.0,0.9858141464426468,0.11694205920536294,0.33113384014257424,0.5519241006520629,0
210,0.3633706699854802,0.513204729309272,0.10982576228998134,0.0,0.0,1.0,0.9864011615847335,0.11133985498713053,0.36838021297713774,0.5202799320357318,0
211,0.34430201203069905,0.5110599460692803,0.13043352001659408,0.0,0.0,1.0,0.9857954781165734,0.13231296238627085,0.34926312777221347,0.5184239098415157,0
212,0.32899398465048746,0.5248890271727857,0.13202240199128812,0.0,0.0,1.0,0.9859054138145613,0.1339098052829236,0.3336973101482206,0.5323928845688558,0
214,0.33364654635967644,0.5174528106202033,0.13455714582036923,0.0,0.0,1.0,0.985656502800249,0.13651525195450193,0.3385018466491998,0.5249829013962983,0
217,0.3320244762497407,0.5168823895457375,0.13656502800248912,0.0,0.0,1.0,0.9854718937979673,0.13857830838398977,0.33691927526226273,0.5245024163537475,0
218,0.3250508193320888,0.5333188135241651,0.12750881559842356,0.0,0.0,1.0,0.9858784484546774,0.1293352297114195,0.3297067907728302,0.5409579795157503,0
219,0.3267579340385812,0.5240323584318607,0.1346753785521676,0.0,0.0,1.0,0.9854656710226095,0.1366616641373373,0.3315771859404369,0.5317611499222258,0
222,0.32306990250985274,0.5359842356357603,0.12704833022194564,0.0,0.0,1.0,0.9861024683675585,0.12883887252839712,0.32762305427008837,0.5435380732015146,0
223,0.3501929060360921,0.4955590126529766,0.13962663347853144,0.0,0.0,1.0,0.9853785521676002,0.1416984702695079,0.3553892108426253,0.5029123188878668,0
225,0.35514623522090855,0.48780958307405115,0.1431113876789048,0.0,0.0,1.0,0.9860672059738644,0.145133502880835,0.3601643306554925,0.49470216646367254,0
226,0.347517112632234,0.5157332503629953,0.12369010578718109,0.0,0.0,1.0,0.9869404687824104,0.12532681524325143,0.35211557700229507,0.5225576077544536,0
227,0.3789317568969094,0.4708234806056835,0.13626218626840905,0.0,0.0,1.0,0.986017423771002,0.13819450141892758,0.38430533554639756,0.47750016303467485,0
229,0.4296058908940054,0.41923459863098944,0.1359054138145613,0.0,0.0,1.0,0.9847459033395561,0.13801064147986503,0.4362606530650074,0.4257287054551276,0
231,0.44222982783654846,0.4287927815805849,0.1143538684920141,0.0,0.0,1.0,0.9853764779091475,0.11605094200610461,0.4487927586569835,0.43515629933691186,0
233,0.41919311346193744,0.45027380211574364,0.11632856253889236,0.0,0.0,1.0,0.9857954781165734,0.11800476378847433,0.4252333498859553,0.4567618863255704,0
237,0.3208380004148517,0.541850238539722,0.12402406139805021,0.0,0.0,1.0,0.986712300352624,0.1256942488238237,0.3251586103671688,0.5491471408090074,0
239,0.2749761460277951,0.5963866417755653,0.11647583488902719,0.0,0.0,1.0,0.9878386226923876,0.11790978021447304,0.2783614040908203,0.6037288156947066,0
242,0.19909769757311763,0.6319871395975938,0.15641982991080688,0.0,0.0,1.0,0.9875046670815182,0.15839907913862494,0.20161696871928017,0.639983952142095,0
244,0.1904521883426675,0.6523750259282307,0.14505289359054138,0.0,0.0,1.0,0.9878801078614396,0.14683248750149602,0.19278876740919293,0.660378745089311,0
245,0.1812279610039411,0.6551835718730553,0.15173822858328148,0.0,0.0,1.0,0.9881497614602779,0.15355792664367418,0.18340131027924778,0.663040763077078,0
246,0.10951254926363825,0.805901265297656,0.07424600705247873,0.0,0.0,1.0,0.9896598216137731,0.07502174528153589,0.11065675990065288,0.8143214948178111,0
247,0.1545550715619166,0.6885708359261564,0.14496784899398465,0.0,0.0,1.0,0.9880937564820577,0.14671466957763038,0.15641741540011755,0.6968679150222521,0
248,0.14555071561916613,0.6497510889856876,0.19230242688238955,0.0,0.0,1.0,0.9876042314872432,0.1947160823650982,0.14737757390931774,0.6579063437255841,0
251,0.14308442231902094,0.675619166148102,0.16834681601327525,0.0,0.0,1.0,0.9870504044803983,0.17055543997461423,0.14496161662011905,0.6844829434052667,0
252,0.148029454470027,0.662431030906451,0.17621240406554656,0.0,0.0,1.0,0.9866728894420245,0.17859252640983864,0.1500289062910601,0.6713785672991013,0
253,0.14606098319850655,0.6920037336652147,0.14403235843186063,0.004770794440987347,0.0,0.9952292055590126,0.982097075295582,0.14595828993156199,0.14801404049397832,0.7012568751334722,0
254,0.1812196639701307,0.6385169052063887,0.16688446380419,0.0,0.0,1.0,0.9866210329807094,0.1691474823925155,0.183677073478398,0.6471754441290866,0
255,0.1801140842148932,0.6324185853557353,0.17387264053101015,0.0,0.0,1.0,0.9864053101016386,0.17626896241373075,0.18259642600295242,0.6411346115833169,0
257,0.21707219251336898,0.6049933155080214,0.1613324420677362,0.0031194295900178253,0.0,0.9968805704099821,0.9833979500891266,0.1635443483073603,0.2200483040189992,0.6132879180836226,0
258,0.30111595104750055,0.5766479983405932,0.10931756896909355,0.0,0.0,1.0,0.9870815183571873,0.11074826844193397,0.30505682200255535,0.5841949095555107,0
263,0.34922837585563166,0.5033312590748807,0.13376477909147483,0.0,0.0,1.0,0.9863244140219873,0.13561945460319197,0.35407049738489654,0.5103100480119114,0
264,0.37422111595104746,0.4875897116780751,0.12413607135449077,0.0,0.0,1.0,0.9859468989836133,0.12590543312470415,0.3795550412875401,0.49453952558775577,0
265,0.356492428956648,0.4780522713130056,0.15158265919933622,0.0,0.0,1.0,0.9861273594689898,0.15371509343474712,0.3615074924486551,0.48477741411659786,0
266,0.3507550300767476,0.500333955610869,0.1356502800248911,0.0,0.0,1.0,0.9867392657125077,0.13747327661775002,0.35546880748023474,0.5070579159020152,0
268,0.35229752412924886,0.454590851867394,0.17868443138900547,0.0,0.0,1.0,0.9855728073856483,0.18130008260169803,0.35745459035518734,0.46124532704311466,0
269,0.3349740717693424,0.509054138145613,0.14222775357809583,0.0,0.0,1.0,0.9862559634930512,0.144209778032027,0.33964212554209056,0.5161480964258824,0
270,0.3696100394109106,0.4956461315079859,0.12128189172370879,0.0,0.0,1.0,0.9865380626426052,0.1229368600323795,0.3746536027417422,0.5024095372258783,0
276,0.32991910392034846,0.48253059531217596,0.13547811657332506,0.03152872847956856,0.007259904584111181,0.9612113669363203,0.9479278158058495,0.13737660552844846,0.33454234338307,0.4892924180248017,0
277,0.271678075088156,0.4730325658577058,0.10930304915992534,0.061398050197054556,0.07301389753163244,0.865588052271313,0.8540136901057871,0.11078442245807064,0.2753601008799366,0.4794435289333058,0
280,0.21702770780856426,0.42325566750629723,0.10095507976490345,0.11146095717884132,0.13706968933669186,0.7514693534844669,0.7412384550797649,0.10234850607385307,0.22002321946122916,0.42909762794938466,0
282,0.30259074880730136,0.3972350134826799,0.10580584940883636,0.08815598423563575,0.0939639079029247,0.8178801078614395,0.8056316116988176,0.10741447861559542,0.30719121578475245,0.40327441346109166,0
283,0.33080896079651523,0.38480813109313416,0.09168222360506119,0.09894212818917238,0.08131093134204521,0.8197469404687824,0.8072993154947106,0.09309585782265675,0.33590965369074127,0.39074142895538433,0
285,0.3675191868906866,0.3723169466915578,0.08394731383530389,0.09728272142708981,0.06596141879278158,0.8367558597801286,0.8237834474175482,0.08526926218861977,0.37330664287617893,0.3781799547153299,0
288,0.36900643020120305,0.3805870151420867,0.0983841526654221,0.09749014727235014,0.04148516905206389,0.8610246836755859,0.8479775980087119,0.0998979031124892,0.3746840076723157,0.386442772890781,0
289,0.3685853557353246,0.37319435801700895,0.09469404687824104,0.10723916199958515,0.042937149968886125,0.8498236880315287,0.8364737606305745,0.09620534192493095,0.3744678926082231,0.3791504534983747,0
290,0.3963226076055161,0.35976389469285414,0.10085248641872128,0.08692018386961972,0.041788549937317176,0.8712912661930631,0.8569389887170915,0.10254159484800411,0.40296034040708995,0.365789330937969,0
291,0.3610392034847542,0.3691246629330014,0.09689898361335822,0.11387678904791537,0.045841111802530594,0.8402820991495541,0.8270628500311139,0.09844775563674248,0.36680982559915415,0.3750245179136574,0
292,0.3399460692802323,0.3678801078614395,0.09419622484961628,0.13731590956233147,0.04791537025513379,0.8147687201825347,0.8020224019912882,0.09569325916108486,0.34534873728071597,0.3737267237407338,0
294,0.35716863721219666,0.37779506326488277,0.09491184401576437,0.10827629122588675,0.04853764779091475,0.8431860609831985,0.8298755444928438,0.09643415139460616,0.3628973263716727,0.38385458321691956,0
295,0.38503629952292057,0.36202862476664593,0.08829081103505497,0.12424808131093135,0.026965359883841526,0.8487865588052271,0.8353557353246215,0.08971034794349615,0.3912269011478778,0.36784930971385316,0
296,0.3913358224434765,0.36419207633271106,0.087788840489525,0.12134411947728686,0.02157228790707322,0.8570835926156399,0.8433167392657125,0.08922196286989158,0.39772424404986306,0.3701373856958853,0
298,0.406069280232317,0.3827380211574362,0.08611698817672682,0.10703173615432483,0.004148516905206389,0.8888197469404688,0.87492428956648,0.08748468930544841,0.412518430680695,0.38881662695432545,0
299,0.3848330221945655,0.4108483717071147,0.09700062227753578,0.0831777639493881,0.009956440572495333,0.9068657954781165,0.892682016179216,0.09854186024727703,0.39094761457439087,0.41737632065644853,0
302,0.37294337274424394,0.4451524579962663,0.1086268409043767,0.054138145612943375,0.0045633685957270275,0.9412984857913296,0.9267226716448869,0.1103353613633907,0.3788091548758271,0.45215396955211185,0
304,0.3536009786476868,0.4167237544483986,0.08663256227758007,0.1163256227758007,0.013567615658362989,0.8701067615658363,0.8569572953736655,0.08796188400103123,0.35902676140179574,0.4231181161630093,0
305,0.34062699256110524,0.41543676939426144,0.14123910733262487,0.08416578108395324,0.005313496280552604,0.9105207226354942,0.8973028692879916,0.1433196510058399,0.3456446491272167,0.4215564225024376,0
307,0.3893984650487451,0.4462663347853143,0.10821613773076126,0.039618336444721014,0.002489110143123833,0.9578925534121552,0.9438809375648206,0.10982257228200629,0.3951789628707281,0.45289101825942085,0
309,0.4705393071976769,0.3865795478116573,0.09867869736569176,0.027380211574362167,0.001866832607342875,0.9707529558182949,0.9557975523750261,0.10022272698440447,0.4779018550066467,0.3926283738272436,0
312,0.4787966622749232,0.31757795344751866,0.14006148440931052,0.047211242863416776,0.0015371102327624067,0.9512516469038208,0.9364361001317524,0.14227742575644517,0.4863718020450007,0.32260241910237486,0
315,0.49202862476664594,0.37869736569176526,0.10871395975938603,0.004770794440987347,0.0,0.9952292055590126,0.9794399502177973,0.11046650463915518,0.49996046948045414,0.3848022314394033,0
318,0.47228302693458746,0.39055151774262503,0.12154339461308253,0.0,0.0,1.0,0.984377939290295,0.1234722861634947,0.4797781503261729,0.39674956351033236,0
321,0.35529350757104333,0.5294482472516076,0.10048745073636176,0.0,0.0,1.0,0.9852292055590126,0.10199398289187522,0.3606201537331124,0.5373858633750124,0
322,0.3544451358639286,0.5017838622692388,0.12888197469404689,0.0,0.0,1.0,0.9851109728272143,0.13082990470014025,0.35980224121013554,0.5093678540897242,0
323,0.35205144160962454,0.5331321302634309,0.10066583696328564,0.0,0.0,1.0,0.9858494088363411,0.10211076464721701,0.35710468399547207,0.5407845513573108,0
328,0.34269031321302634,0.5741174030284173,0.06951047500518565,0.0,0.0,1.0,0.9863181912466292,0.07047469632221812,0.3474439752346984,0.5820813284430836,0
329,0.3189047915370255,0.5454138145612943,0.12231072391619997,0.0,0.0,1.0,0.9866293300145199,0.12396826264469551,0.32322654702788156,0.5528051903274228,0
331,0.30542626011200996,0.5657622899813317,0.11559842356357601,0.0,0.0,1.0,0.9867869736569176,0.11714628045319823,0.3095159018771152,0.5733378176696866,0
333,0.34973034640116163,0.5530553827006844,0.08381870981124248,0.0,0.0,1.0,0.9866044389130886,0.08495675318832231,0.35447878866878874,0.5605644581428889,0
335,0.36387678904791537,0.5233623729516698,0.0989566479983406,0.0,0.0,1.0,0.9861958099979258,0.1003417850645185,0.3689701227271293,0.5306880922083521,0
336,0.3369072806471686,0.5548309479361129,0.0949305123418378,0.0,0.0,1.0,0.9866687409251194,0.09621315483535958,0.34145936389074005,0.5623274812739003,0
337,0.3649388093756482,0.5239618336444721,0.0973387264053101,0.0,0.0,1.0,0.9862393694254303,0.09869685739884662,0.3700306646532034,0.5312724779479501,0
338,0.44000910539494653,0.44945595265194627,0.09597541543364445,0.0,0.0,1.0,0.9854404734805372,0.09739341747824,0.4465100807569346,0.45609650176482547,0
340,0.43973656917651943,0.44362580377515043,0.10197054552997305,0.0,0.0,1.0,0.985332918481643,0.10348841860181168,0.44628222697982645,0.4502293544183618,0
344,0.49697573117610455,0.37652976560879486,0.10728479568554244,0.0026965359883841526,0.0006222775357809583,0.9966811864758349,0.9807902924704419,0.10902303813116757,0.5050277976861431,0.3826303506585242,0
345,0.4690562124040656,0.43120721841941506,0.08502177971375234,0.0,0.0,1.0,0.9852852105372331,0.0862915415805274,0.47606135501446295,0.43764710340500956,0
346,0.4745841111802531,0.400109935697988,0.10761460277950631,0.0016594067620825555,0.0,0.9983405932379175,0.9823086496577474,0.10937094610475807,0.48232964584202964,0.4066400012911297,0
347,0.47193528313627875,0.43518979464841323,0.07820369218004564,0.0,0.0,1.0,0.9853287699647376,0.07936812012790852,0.47896224846166635,0.44166963141042515,0
348,0.47936735117195606,0.414532254718938,0.09101846090022818,0.0,0.0,1.0,0.9849180667911223,0.09241221576609684,0.48670784640365267,0.42087993783025046,0
351,0.5079132959966813,0.3596038166355528,0.11512549263638248,0.0012445550715619166,0.0,0.998755444928438,0.9826426052686166,0.11701325792730523,0.5162417823208102,0.36550040468032274,0
353,0.5446007052478739,0.3219829910806887,0.11706492428956648,0.0,0.0,1.0,0.983648620618129,0.11901091694308724,0.5536537070581611,0.3273353759987517,0
354,0.5634847542003734,0.32733872640531014,0.09260112009956442,0.0,0.0,1.0,0.983424600705248,0.0941618910419334,0.5729821623297595,0.33285594662830703,0
355,0.5731238332296203,0.2803318813524165,0.12964530180460485,0.0,0.0,1.0,0.9831010163866417,0.13187383559129282,0.5829755271092281,0.28515063729947904,0
356,0.4658514830947936,0.2714851690520639,0.10449284380833852,0.08172578303256586,0.06243517942335615,0.855839037544078,0.841829495955196,0.10623179076625242,0.47360408116603797,0.2760031656117876,0
358,0.07160340178386228,0.15926986102468366,0.034239784277120926,0.26073428749222155,0.4704418170504045,0.2688238954573739,0.26511304708566685,0.03471904642256825,0.07260565108784493,0.16149919794696072,0
360,0.18248911014312383,0.41995229205559015,0.11458825969715827,0.13918274216967433,0.13378967019290602,0.7270275876374197,0.7170296618958723,0.11618602471607839,0.185033652815219,0.4258079101061223,0
361,0.21495125492636383,0.39758141464426466,0.12994814353868492,0.1676000829703381,0.07882182119892138,0.7535780958307405,0.7424808131093134,0.13189037728063763,0.21816396400264837,0.4035237545474546,0
362,0.25414229412984857,0.37904376685334995,0.13445135863928648,0.159095623314665,0.061398050197054556,0.7795063264882804,0.767637419622485,0.1365301924908907,0.25807174199492294,0.3849043920024668,0
363,0.2903318813524165,0.34462144783239995,0.11832192491184401,0.1609624559220079,0.0736361750674134,0.7654013690105788,0.7532752540966604,0.12022665396077269,0.2950056015327979,0.3501691135170082,0
364,0.3104003318813524,0.3440613980501971,0.10375233354075916,0.1462352209085252,0.08359261563990873,0.7701721634515661,0.7582140634723087,0.10538865346323574,0.31529578078035253,0.3494877292079779,0
365,0.32353661066168843,0.30347438290811035,0.09838207840696953,0.1503837378137316,0.11242480813109314,0.7371914540551753,0.7253930719767683,0.09998224443495496,0.32879887287014475,0.30841033675007556,0
366,0.35381041277743214,0.2860713544907696,0.09900435594275046,0.14187927815805848,0.10703173615432483,0.7510889856876167,0.7388861232109523,0.1006394340721244,0.3596536674743433,0.29079588414114893,0
367,0.34978635137938185,0.2754221115951047,0.08707322132337689,0.15639908732628086,0.119477286869944,0.7241236258037752,0.7122816842978634,0.08852084522888158,0.3556016764170937,0.28000110415779994,0
369,0.3905911636589919,0.2777743206803568,0.09694046878241029,0.1001866832607343,0.1215515453225472,0.7782617714167185,0.765305953121759,0.09858156812816866,0.39720345789679407,0.28247674539175577,0
370,0.4229412984857913,0.28412777432068037,0.10704003318813524,0.053723293922422734,0.11823273179838208,0.8280439742791952,0.814109105994607,0.10887220623800221,0.43018066142021266,0.2889911066209803,0
371,0.43495125492636383,0.29624766645924083,0.09468367558597802,0.05434557145820369,0.10537232939224227,0.840282099149554,0.8258825969715827,0.09633451288151863,0.4425347559779534,0.3014128302900819,0
374,0.4564156813939017,0.3432296204107032,0.12189172370877413,0.02281684297863514,0.04003318813524165,0.9371499688861232,0.921537025513379,0.12395684809030519,0.46414840616865033,0.34904471462716774,0
376,0.46088985687616674,0.31193320887782616,0.10800871188550094,0.04791537025513379,0.056004978220286245,0.8960796515245799,0.8808317776394939,0.10987842555742837,0.46886821391432454,0.3173330120528269,0
377,0.4856813939016802,0.3140157643642398,0.11787388508608172,0.03215100601534951,0.03443269031321303,0.9334163036714375,0.9175710433520018,0.11990941400516043,0.4940684808465394,0.31943840881973745,0
378,0.47638456751711267,0.3294088363410081,0.11965359883841527,0.030491599253266957,0.028209914955403443,0.9412984857913296,0.925447002696536,0.12170308086568625,0.48454430210657595,0.33505110281906736,0
379,0.44583074051026766,0.37274424393279404,0.13859987554449285,0.013275254096660444,0.013690105787181083,0.9730346401161585,0.9571748599875545,0.1408963875444174,0.45321787301305555,0.3789203795586855,0
382,0.45333748185023853,0.34831362787803366,0.12065131715411742,0.03152872847956856,0.031113876789047916,0.9373573947313836,0.9223024268823896,0.12262073808130061,0.4607374203249418,0.35399923632514113,0
383,0.4510288321924912,0.32986932171748606,0.15485791329599669,0.024476249740717694,0.024476249740717694,0.9510475005185646,0.9357560672059739,0.15738848674038072,0.4583992116655521,0.3352598021126318,0
385,0.47335200165940683,0.3182514001244555,0.1394918066791122,0.025098527276498653,0.028002489110143122,0.9468989836133582,0.9310952084629746,0.14185944548558463,0.48138635575468597,0.32365318237308754,0
386,0.5092197035745423,0.29495204882301657,0.1528269398430689,0.014603312990409765,0.012423714036617262,0.972972972972973,0.9569986922406277,0.15537793647484338,0.5177196300272067,0.2998754064709229,0
387,0.5053225471893797,0.30925741547396807,0.13326488280439744,0.021779713752333542,0.014519809168222361,0.9637004770794441,0.9478448454677453,0.13549414943872723,0.5137756270279542,0.3144307006127626,0
390,0.5281684297863514,0.3027048330221946,0.1371873055382701,0.01140842148931757,0.00394109105994607,0.9846504874507364,0.9680605683468161,0.13953832196780133,0.5372197968287707,0.30789236865416425,0
391,0.5279029247044181,0.31623107239161996,0.1159614187927816,0.021157436216552583,0.0022816842978635138,0.976560879485584,0.9600954158888197,0.11795013625582049,0.5369563648578628,0.32165437837190064,0
392,0.5231611698817673,0.3259427504667081,0.13114913918274215,0.0022816842978635138,0.0006222775357809583,0.9970960381663556,0.9802530595312176,0.1334025798915404,0.5321502695039265,0.33154318877088873,0
393,0.5020452188342669,0.3812300352623937,0.09891516282928853,0.0006222775357809583,0.0,0.9993777224642191,0.9821904169259492,0.10064607477529958,0.5108304853380254,0.38790116235089406,0
394,0.3937844554902847,0.5022209670131044,0.08694080433800273,0.0,0.0,1.0,0.9829462268413919,0.08844919687761464,0.40061647803021244,0.5109343250921728,0
395,0.3465869519614014,0.46904342353681555,0.11235787707153347,0.053282987203692046,0.004405286343612335,0.9423117264526956,0.9279882525697504,0.11409211790197578,0.35193651230426315,0.4762830962464567,0
400,0.4192180045633686,0.25009334163036717,0.09427919518772039,0.203899605890894,0.01908317776394939,0.7770172163451565,0.7635905413814562,0.09593696337763884,0.42658936864027325,0.2544908843272445,0
401,0.42141879278158056,0.23786143953536612,0.08368803152872849,0.21510060153495125,0.02862476664592408,0.7562746318191247,0.7429682638456752,0.08518686236267406,0.42896629353033844,0.24212147592611216,0
403,0.4318336444721012,0.23730761252852103,0.08667496370047709,0.20680356772453848,0.023853972204936735,0.7693424600705249,0.7558162207010993,0.08822611631435115,0.4395618263805059,0.2415545173756678,0
404,0.4249491806679112,0.23445758141464426,0.10326488280439744,0.18813524165110973,0.03588467123003526,0.775980087118855,0.7626716448869528,0.10506683091221018,0.43236444470759017,0.23854881149905469,0
406,0.43843600912673725,0.25049574777017214,0.10188342667496371,0.16905206388716035,0.02613565650280025,0.8048122796100394,0.7908151835718731,0.10368672046280654,0.44619614202987534,0.2549294171173575,0
407,0.4233955610869114,0.2500746733042937,0.1025990458411118,0.1729931549471064,0.03712922630159718,0.7898776187512964,0.7760692802323169,0.10442455600210448,0.4309288952670392,0.2545241674821527,0
408,0.4501431238332297,0.26153287699647376,0.09554449284380834,0.15204314457581414,0.026343082348060567,0.8216137730761253,0.8072204936735117,0.09724811483019234,0.4581694757448518,0.26619618250108124,0
409,0.44670607757726605,0.2651462352209085,0.11880522713130055,0.11864758348890271,0.03609209707529558,0.8452603194358017,0.8306575399294752,0.1208937972731483,0.45455907359720293,0.2698074485654503,0
412,0.40057335581787523,0.26847175379426647,0.18742833052276558,0.10265598650927488,0.026349072512647554,0.8709949409780776,0.8564734401349072,0.19060617648059427,0.4073650741032019,0.27302369039428154,0
413,0.40716656295374404,0.29421074465878444,0.10964945032151006,0.14270898153909978,0.03132130263430823,0.825969715826592,0.8110267579340386,0.1116697130354922,0.41466850138666606,0.2996315014044337,0
414,0.3953992947521261,0.3195561086911429,0.11713544907695497,0.09956440572495333,0.053515868077162417,0.8469197261978842,0.832090852520224,0.1192229456192823,0.40244579235074346,0.3252509882278585,0
415,0.2367620825554864,0.2573304293714997,0.1665463596764157,0.2798174652561709,0.04750051856461315,0.672682016179216,0.6606388716034018,0.16958242366594536,0.24107814706947142,0.2620214454437991,0
416,0.3837440365069487,0.32461107654013693,0.133638249325866,0.07571043352001659,0.06782825140012445,0.8564613150798589,0.8419933623729516,0.13593455231052548,0.3903379015180615,0.3301888612512719,0
417,0.3949582298487243,0.33622262361706934,0.13265522691352452,0.06773538044705352,0.05396251975615263,0.8783020997967939,0.8638360803793181,0.13487670519157705,0.4015723011428692,0.34185309346234766,0
420,0.3775399294752126,0.32455299730346404,0.1410392034847542,0.053515868077162417,0.089607965152458,0.8568761667703796,0.8431321302634308,0.14333830690167626,0.38369427039911613,0.32984358946958725,0
421,0.40584111180253063,0.3100497822028625,0.12006222775357808,0.06160547604231487,0.0885708359261564,0.8498236880315286,0.8359531217589713,0.12205436229263307,0.4125750372953149,0.3151942884435806,0
423,0.43549471064094597,0.3101327525409666,0.10202447624974073,0.05787181082762912,0.08048122796100395,0.8616469612113669,0.8476519394316534,0.10370893504793134,0.44268487641164733,0.31525314975178814,0
428,0.4899066583696329,0.36343912051441607,0.12682223605061194,0.001866832607342875,0.001866832607342875,0.9962663347853142,0.9801680149346609,0.12890516967934693,0.4979529055060739,0.36940825959989343,0
430,0.4765940676208255,0.38199543663140423,0.12440365069487658,0.0006222775357809583,0.0,0.9993777224642191,0.9829931549471064,0.12647721550448626,0.4845379557749694,0.3883625511847634,0
432,0.4984837170711471,0.35282306575399297,0.13258245177349098,0.0,0.0,1.0,0.983889234598631,0.13475343271499138,0.506646174733784,0.3586003925512246,0
433,0.5038664177556523,0.3506865795478117,0.12904998962870776,0.0,0.0,1.0,0.9836029869321717,0.13120129904364242,0.5122660508862388,0.35653265007011886,0
