TIME,BS,NPV,PV,WET,WATER
1987-09-23 23:36:17.000000,0.0570570576002131,0.419542273261562,0.49462749796545,0.0102450492811285,0.00612623202821232
1987-10-09 23:36:36.500000,0.0628443801429266,0.42741332851068,0.484965774482276,0.00611266841486572,0.00621213491274075
1987-10-25 23:36:51.500000,0.0394456099105399,0.457196220273061,0.479315670494542,0.00602676553033728,0.00657383126864997
1987-12-12 23:37:43.500000,0.0581539017995068,0.534331901618635,0.389170178135458,0.00156433673930735,0.00564246315218374
1988-01-29 23:38:34.500000,0.0926416445228539,0.502284139561493,0.388135592405897,0.000956229668106617,0.00360388065869328
1988-02-14 23:38:51.000000,0.0603884166742576,0.49332900804778,0.426516140699902,0.00240528076679627,0.00519938511619495
1988-03-01 23:39:01.500000,0.0662681978479631,0.479185324170363,0.432929650058777,0.00396509630165476,0.00467944660457546
1988-03-17 23:39:10.500000,0.0711642101456247,0.455563839406798,0.442317388552277,0.0128040509991862,0.00502757934713808
1988-04-02 23:39:17.500000,0.0406317026856504,0.450743828555911,0.473992494800588,0.0169590378876933,0.0055701238810019
1988-06-21 23:39:50.500000,0.039096930540443,0.209285375193848,0.458796585570963,0.276269446918559,0.00675470998602942
1988-08-08 23:39:56.500000,0.0467559759290301,0.264221015557513,0.484771565112465,0.180803783360988,0.0120083733084967
1988-09-25 23:39:54.500000,0.0567646713085016,0.366130843656739,0.515406998824516,0.0374943484944389,0.01143412605118
1988-10-27 23:39:47.500000,0.050388190614063,0.437499140971147,0.490367167013267,0.00363052717243874,0.00552039063206438
1988-11-12 23:39:49.000000,0.0445830093137509,0.491142689212435,0.444903969617454,0.00236458992675649,0.00525363956958134
1988-12-14 23:39:35.000000,0.0519881092323876,0.511956732073419,0.41590256804409,0.00232842029116557,0.00691744280676372
1989-01-31 23:39:16.500000,0.0352756578353071,0.468699882448681,0.476570440365305,0.00205714802423366,0.00526268197847907
1989-02-16 23:39:12.500000,0.0390507731260245,0.464416312505639,0.475673207342412,0.00297947373180215,0.00515869427615517
1989-03-04 23:38:54.500000,0.0509551948639829,0.464195180396008,0.46324283389093,0.00363052717243874,0.00477891310245049
1989-05-07 23:37:56.500000,0.0329540779188243,0.271320785427161,0.578124912401246,0.0993720018627447,0.0055385004905529
1989-07-10 23:36:41.500000,0.03694688193012,0.167550804848207,0.418609820677543,0.361971400168234,0.00612716984017741
1989-07-26 23:36:22.500000,0.0316235645176143,0.274967221267741,0.528785288000741,0.146826114476897,0.0063748982728999
1989-08-11 23:36:01.500000,0.0328156780344612,0.248879765179675,0.456808084159317,0.241147006916509,0.0103494196307202
1989-09-28 23:34:57.000000,0.0505368930283258,0.231412605117991,0.377203363776108,0.314996835156886,0.0162492087892214
1990-03-07 23:30:01.000000,0.0364648250294514,0.434289357084652,0.507525454381055,0.00331856406546704,0.00569219640112126
1990-03-23 23:29:28.500000,0.0387310335473984,0.434452482141165,0.502360656478894,0.00553395424541098,0.00557464508545076
1990-06-27 23:29:23.500000,0.0465205331689859,0.192474132422059,0.37712318088496,0.369796458532562,0.00507607311358167
1990-09-15 23:29:04.500000,0.0199078578533336,0.0669972872773342,0.106457636314316,0.70577809928565,0.0980377972691925
1990-11-02 23:28:38.500000,0.0615854320067772,0.217562630012386,0.30966896070263,0.377770649861556,0.0252925721347742
1990-11-18 23:28:41.000000,0.081717424721987,0.38506551225243,0.475458224070888,0.0358350664617054,0.00904693010217922
1990-12-04 23:28:26.500000,0.0667404376526646,0.407762184646019,0.50414300569674,0.0028438375983362,0.00532145763631431
1990-12-20 23:28:46.500000,0.062052807668052,0.425638936612643,0.490218148114668,0.0026358621936884,0.00642011031738855
1991-02-06 23:29:47.500000,0.0531739759472687,0.421950764083415,0.502070982909855,0.00325978840763179,0.00559725110769509
1991-03-10 23:30:32.500000,0.0697295415499141,0.423378786508636,0.477485803418029,0.00878470024414504,0.00559272990324622
1991-05-13 23:31:38.500000,0.0598616963559488,0.362251378967355,0.473934578171617,0.0850483768876029,0.00479699792024595
1991-07-16 23:32:33.500000,0.0533994023527778,0.175346294965393,0.330313953928203,0.425615614479706,0.00670461852706434
1991-08-01 23:32:42.000000,0.0476833800524597,0.178275341350939,0.358702685595435,0.398910389727824,0.00731530879826386
1991-09-02 23:32:59.500000,0.0621637128131178,0.255825165023972,0.400372140338199,0.236468035084547,0.0349669952075233
1991-10-04 23:33:13.500000,0.0160883895469769,0.0614438466407483,0.114296862284115,0.635753684781626,0.169653675739217
1991-11-21 23:33:24.500000,0.0942893118727057,0.43261122162935,0.450354914549209,0.00514060945835971,0.00398318111945022
1991-12-07 23:33:42.500000,0.110577945564716,0.474197169726001,0.394716113572658,0.00377068451035356,0.00298851614069988
1992-01-24 23:33:30.500000,0.0810069626548687,0.468270639298333,0.429455420924035,0.00243240799348947,0.00589565060132019
1992-02-25 23:33:25.500000,0.083148838050486,0.463252644904596,0.430187720408657,0.00439461072429695,0.00548422099647346
1992-03-12 23:33:23.500000,0.0576164662266519,0.478195361244246,0.440102360068662,0.00735599963830364,0.00385206619043313
1992-03-28 23:33:18.000000,0.055345736504256,0.439227913916246,0.474143548241192,0.0119992766072882,0.00548874220092233
1992-07-02 23:32:23.500000,0.0958990867167154,0.348538611085973,0.454301338276499,0.0806130753232661,0.00743738131838322
1992-08-19 23:31:42.000000,0.0726078759381663,0.297288091147493,0.372433583506663,0.221679175332309,0.02541821141152
1992-10-22 23:30:40.500000,0.0156426892124062,0.0411285378424829,0.064061262320283,0.380807487114567,0.496636223890044
1992-11-23 23:30:14.500000,0.0626667968111872,0.288350418580978,0.39190368097043,0.229851816877622,0.0167704795975811
1992-12-09 23:30:28.500000,0.052480332760676,0.240200470205221,0.348109051451287,0.277891310245049,0.071964011212587
1993-01-10 23:30:49.500000,0.0494183922597668,0.347083190161806,0.544603806854157,0.0334252644904603,0.0118545980649245
1993-02-11 23:31:10.500000,0.0457236187721123,0.367905958947447,0.538707975404687,0.0244732796817072,0.00926394791572475
1993-03-15 23:31:24.500000,0.0536280857220962,0.360026720318243,0.528025816077421,0.0385025770865359,0.00594538385025771
1993-03-31 23:31:26.500000,0.0566675106248851,0.347082511981155,0.518371371733458,0.0553259788407632,0.00858124604394611
1993-04-16 23:31:34.500000,0.0505605389276316,0.340065557464493,0.53222886336925,0.0555068270187178,0.00772673840311059
1993-05-18 23:31:43.500000,0.0546524550140417,0.255657609187081,0.384680396057521,0.286291708111041,0.00753232661180939
1993-06-03 23:31:47.500000,0.0531694238603277,0.21070436162564,0.342398555016532,0.373832958825205,0.010294829075093
1993-07-21 23:31:37.500000,0.111543765259068,0.158501356361334,0.241848042318487,0.464083551858215,0.0171986617234831
1993-08-22 23:31:36.500000,0.0411431865448996,0.132407044036539,0.196572700967537,0.560543448774754,0.0637715887512433
1993-09-23 23:31:32.500000,0.0235906688190441,0.0744615217656769,0.114525821723623,0.528322277538876,0.255933728538419
1993-11-10 23:31:13.500000,0.0584679898725204,0.247787593814972,0.325712451397024,0.240894294239986,0.118107423817705
1993-11-26 23:31:07.500000,0.0807015552943669,0.358643096120793,0.444367031377151,0.0653314042861018,0.03856587394882
1994-01-13 23:30:38.500000,0.0911680983814454,0.424183289628293,0.446097431955884,0.0180034361153811,0.00731530879826386
1994-03-02 23:30:01.500000,0.0614135997830265,0.390170132923372,0.46471163758024,0.0510172710009947,0.0200696265485125
1994-03-18 23:29:47.500000,0.0562015100823339,0.351919025228285,0.443481508273817,0.107310787593815,0.0291527262862827
1994-04-03 23:29:30.500000,0.0548003436115945,0.365811737046722,0.502665476082838,0.0521973053621485,0.0113030111221629
1994-04-19 23:29:13.500000,0.0500881376199318,0.366059963474481,0.527857559891096,0.0363199858008286,0.00659047067450735
1994-05-05 23:28:55.500000,0.0689473279682092,0.36889759471921,0.48709566868614,0.0546523193778823,0.00654218283750791
1994-06-22 23:27:58.500000,0.142520028935706,0.362940546161469,0.427606248304526,0.04533863821322,0.00632064381951352
1994-07-08 23:27:32.500000,0.0836299394158723,0.230748801880822,0.371092277782814,0.294597160683606,0.0101139343521114
1994-08-09 23:26:40.500000,0.101072746179606,0.361394429876107,0.453528393163927,0.0616240166380324,0.00915091780450312
1994-09-10 23:25:54.500000,0.0899692558097804,0.463210326430946,0.405670765892016,0.0180034361153811,0.0107695089971969
1994-11-13 23:23:51.500000,0.0903816348675607,0.515846685957187,0.365419522560853,0.00963016547608283,0.00668234017542273
1994-12-15 23:22:51.500000,0.0987451849173044,0.526188895921952,0.351809431232499,0.00348584863007505,0.00783976851433222
1995-01-16 23:21:45.500000,0.042568377169632,0.48176344996413,0.420702407465268,0.0335673924647071,0.00990686716607462
1995-02-17 23:20:27.500000,0.0571419206077182,0.448501989329944,0.443508997196817,0.0281897097386744,0.0107875938149923
1995-03-05 23:19:50.500000,0.0473273352021691,0.450364906411073,0.464804457907557,0.017035898363324,0.00831901618591193
1995-08-12 23:12:46.500000,0.0291943665792581,0.0885593182023708,0.140736006872233,0.656668776562076,0.0809883352925219
1995-08-28 23:12:01.500000,0.117181870354564,0.290264647284714,0.438977431260272,0.130466632139341,0.0108294490092057
1995-10-15 23:09:33.500000,0.0684356632607517,0.379516547608269,0.524604937155293,0.00781716249208789,0.00622569852608735
1995-11-16 23:08:44.500000,0.0657072972240228,0.39899638303643,0.416082150284828,0.0991500135636133,0.00874853060855412
1995-12-02 23:09:21.500000,0.0622852880008123,0.442966814359323,0.466143864725559,0.00611718961931459,0.0100822859209693
1996-02-04 23:13:57.500000,0.0807051270458795,0.452332579799237,0.445915182204501,0.00278054073605208,0.00447599240437653
1996-02-20 23:15:03.500000,0.0566945926395634,0.443459173523778,0.476631838321724,0.0044669499954788,0.00530337281851885
1996-03-23 23:17:08.500000,0.0505228772945672,0.450336332398918,0.444483904512167,0.0329595804322271,0.00909214214666787
1996-04-24 23:19:07.500000,0.053842526449093,0.432770594086283,0.480793561804872,0.0147436477077493,0.00513608825391084
1996-05-10 23:20:04.500000,0.0708146339748525,0.403459670167948,0.480980102576462,0.0273319569399862,0.00435020671016873
1996-06-11 23:21:51.500000,0.0893826663712909,0.248376594311353,0.420068542389126,0.226773127404748,0.00555663563571257
1996-06-27 23:22:42.500000,0.0841404286101861,0.184418527895836,0.276047563070806,0.433013834885614,0.0148024233655846
1996-07-13 23:23:32.500000,0.0944266608794791,0.209849261680641,0.396716174303049,0.283328359963468,0.00742388483483891
1996-08-30 23:26:06.500000,0.057851161949556,0.210763450583237,0.309872908942942,0.377583868342526,0.0355004973324894
1996-09-15 23:26:59.500000,0.0785607197757672,0.273613437019632,0.352418347047658,0.201944117913012,0.0837101003707388
1996-11-18 23:30:11.500000,0.0745286644362365,0.366148159869794,0.429973324893724,0.099832715435392,0.0174247219459264
1997-01-05 23:32:29.500000,0.0853257527805653,0.441045438104669,0.452641830183564,0.00204358441088706,0.00577357808120083
1997-01-21 23:33:13.500000,0.0702891063038202,0.423486981590316,0.482559507865533,0.00275577145710848,0.00696433841055093
1997-02-22 23:34:36.500000,0.0422201826567286,0.413297043132222,0.521734469662727,0.00375712089700696,0.00535762727190524
1997-03-10 23:35:14.500000,0.050897775567488,0.408028800072289,0.517289492720894,0.00513608825391084,0.00510896102721765
1997-03-26 23:35:51.000000,0.0471730717063739,0.413627678813594,0.514649064110687,0.00642463152183742,0.00472465864906411
1997-04-11 23:36:25.500000,0.074775567411198,0.39012993941584,0.501670404195699,0.0140473822226241,0.00518582150284836
1997-04-27 23:37:00.000000,0.0632980377973168,0.397192965005857,0.506775974319575,0.0140021701781355,0.00450764083551858
1997-05-13 23:37:32.500000,0.0984853311835727,0.299464288315925,0.420328682501813,0.163797331882883,0.00574514479416064
1997-05-29 23:38:07.000000,0.0547289751739762,0.183391732488169,0.38532283806329,0.364464980852613,0.00362150113708806
1997-06-14 23:38:39.500000,0.0553459173523978,0.163131160141062,0.333611492901712,0.436472556288995,0.00359435753684782
1997-07-16 23:39:45.500000,0.0753553908825071,0.208616505183585,0.355179470021994,0.346664918459709,0.00398772035319809
1997-08-17 23:40:48.500000,0.0630661000090973,0.393661226150642,0.511208246676931,0.0137625463423456,0.0053621484763541
1997-09-02 23:41:17.500000,0.06815392379748,0.362794695731474,0.527282164304555,0.0214513582464799,0.00647291146742477
1997-10-20 23:42:37.500000,0.0665005425445947,0.444025047472582,0.47030075051995,0.00250926846912017,0.00444886517768333
1997-11-05 23:43:03.500000,0.0605424088977884,0.500852020978391,0.420942897187778,0.00186273623293245,0.00423184736413781
1997-11-21 23:43:24.500000,0.0781460349037318,0.52798905868524,0.376497784609829,0.0018310878017904,0.00388823582602405
1998-02-09 23:45:15.500000,0.0663052717244277,0.516061895288896,0.401500723392691,0.000976580160954878,0.00369834523917172
1998-02-25 23:45:32.500000,0.0728860204358874,0.50440668234018,0.406319332670212,0.00113482231666516,0.00325526720318293
1998-04-14 23:46:12.500000,0.0761947734876843,0.452853648611979,0.447710688127298,0.00612623202821232,0.00395605389275703
1998-04-30 23:46:24.500000,0.0642641739759971,0.42169685324166,0.490997648973698,0.00672755221991138,0.0034406365855864
1998-10-23 23:48:04.500000,0.0688745817886551,0.430169997287285,0.452224929921357,0.0218374174880188,0.0149154534768062
1998-11-08 23:48:13.000000,0.0731239262139998,0.443726060222445,0.460271950447602,0.00438556831539922,0.00612623202821232
1998-11-24 23:48:15.500000,0.074940274889277,0.43685835066456,0.446796093679375,0.0187313500316484,0.0101907948277421
1998-12-10 23:48:11.500000,0.060881996563959,0.452401392530926,0.465976941857324,0.00267203182927932,0.0052581607740302
1999-01-11 23:48:14.500000,0.0501836965368472,0.446016818880561,0.48324170358986,0.00212496609096663,0.00550682701871779
1999-02-28 23:48:26.500000,0.0450185919344414,0.425330325814442,0.504601777170204,0.0059375712007291,0.0050580997949419
1999-04-01 23:47:56.500000,0.067617506103669,0.380014829550559,0.51142128583054,0.0224568224975133,0.00511348223166652
1999-04-17 23:47:58.000000,0.0689979654580375,0.361877746631685,0.512300072339288,0.0376616330590469,0.00552943304096211
1999-05-03 23:47:54.000000,0.052921602314905,0.379344063658542,0.51569169906866,0.0339994574554661,0.00438104711095036
1999-06-20 23:47:08.500000,0.0432651852254053,0.217378084074951,0.424294416105945,0.301235438824976,0.00393423051877578
1999-11-04 00:02:05.500000,0.0805904859541177,0.483389504709428,0.416746011405145,0.00230208056824319,0.00500233411747476
1999-11-11 23:45:04.500000,0.0614478253007057,0.503769373361059,0.416212903517455,0.00190342707297224,0.00508183380052446
1999-11-27 23:44:30.500000,0.0561787232119183,0.527791888959241,0.398538249389617,0.00163215480604033,0.0043493986798083
1999-12-06 00:02:06.500000,0.08720521746995,0.51003996744729,0.384761822949643,0.00122524640564246,0.00510896102721765
1999-12-13 23:44:22.500000,0.0632437833439265,0.547147617325295,0.372332489375198,0.000877113663079845,0.00498688850709829
2000-03-27 00:01:47.500000,0.0940373915515257,0.492347594020831,0.396071912017644,0.00206178614267753,0.00261577073708855
2000-04-28 00:01:32.500000,0.0602659824577561,0.449208517949184,0.468589610272116,0.00654218283750791,0.00372999367031377
2000-07-17 00:00:40.500000,0.0623966904783841,0.360417442806756,0.512726286282682,0.0511031738855231,0.00359435753684782
2000-08-02 00:00:23.500000,0.0684046025861594,0.370293742653062,0.451169545166811,0.093462338366941,0.00561081472104169
2000-08-18 00:00:17.500000,0.0630167903445702,0.404066401674944,0.428889341093134,0.0869905353646349,0.00644843288610331
2000-09-03 00:00:03.500000,0.064566304396938,0.402720333415288,0.45423665060109,0.0610559152619727,0.00575251641247599
2000-10-04 23:59:38.500000,0.0847385387467387,0.308692558097475,0.293556967176053,0.273460529885161,0.0303960575097206
2000-10-20 23:59:27.000000,0.0864269373361429,0.407375169545172,0.39422190071436,0.0895108056786328,0.011000090424089
2000-12-07 23:59:33.500000,0.0708015643367965,0.376729179853436,0.458868523374616,0.0736865901076047,0.00763631431413329
2001-01-08 23:59:41.500000,0.049387060312928,0.419084003978582,0.505313048196074,0.00731078759381499,0.00602224432588842
2001-03-13 23:59:31.500000,0.0917375892938105,0.383907812641256,0.488251921511882,0.0172348313590741,0.0048557735780812
2001-03-29 23:59:23.500000,0.0567200470205706,0.403210371642943,0.504448096572942,0.0166742020074148,0.00521294872954155
2001-04-14 23:59:21.500000,0.0371126684149009,0.41449963830363,0.512896373994055,0.0182701871778642,0.00449859842662085
2001-07-03 23:58:35.500000,0.031239849896026,0.222644859390545,0.329443801428696,0.405244597160684,0.00325074599873406
2001-09-05 23:57:49.500000,0.0495584591735782,0.406620354462441,0.514843159417712,0.010294782530066,0.00565150556108147
2001-09-21 23:57:41.500000,0.104392141795834,0.414864115465925,0.460288850108037,0.00405501113276458,0.00304588735771586
2001-11-08 23:57:40.500000,0.0648188667844746,0.461840399527611,0.450010116360978,0.00542438363438281,0.00620714279174944
2001-11-24 23:57:47.500000,0.0790379329053409,0.474432136721259,0.426819423094255,0.00189438466407451,0.00596798987250203
2002-02-12 23:58:08.500000,0.0816642101455985,0.502010353558129,0.399323808662613,0.00178587575730175,0.0039334478705127
2002-03-16 23:58:03.500000,0.0827317569400617,0.476571615878488,0.42037033185635,0.00358531512795009,0.0044533863821322
2002-04-01 23:57:59.500000,0.0963849353468202,0.437884166742032,0.398082828465458,0.0471425987883172,0.00821502848358803
2002-04-17 23:57:59.500000,0.066306718509831,0.446956777285483,0.456458721403325,0.0132426078307261,0.00520842752509268
2002-05-03 23:58:04.500000,0.100003571751554,0.436349896012292,0.432045573740794,0.0136992494800615,0.00472465864906411
2002-08-07 23:57:23.500000,0.0709099828194541,0.434237950990135,0.467451758748482,0.0105072791391627,0.00517225788950176
2002-08-23 23:57:17.500000,0.0723099737770312,0.461406185007668,0.440287910299248,0.00854055520390632,0.00630708020616692
2002-10-10 23:56:48.500000,0.106852518310915,0.529232977665294,0.341528121891695,0.00416402929740483,0.00629803779726919
2002-10-26 23:57:01.500000,0.11142158711602,0.507482461764716,0.361115563769406,0.00286646425405925,0.00509174571444736
2002-11-11 23:57:05.500000,0.127871010037087,0.559138348856267,0.293798806402023,0.00330047924767158,0.00366669680802966
2002-11-27 23:57:26.500000,0.123749480061513,0.544747400307578,0.313524911836528,0.00136088253910842,0.00506827018717786
2002-12-13 23:57:28.500000,0.132437064834091,0.549202911655795,0.300678271091418,0.00156433673930735,0.00421828375079121
2003-01-14 23:57:39.500000,0.126671850981129,0.524583009313762,0.33064445248215,0.0015326883081653,0.00448051360882539
2003-01-30 23:57:46.500000,0.11098876584739,0.522629523613843,0.345330231951909,0.00435129160170643,0.00428110947909826
2003-04-04 23:57:58.500000,0.105969301021814,0.492612306718532,0.378871597793678,0.00677276426440004,0.00349036983452392
2003-04-20 23:57:57.500000,0.0861912017361726,0.482001446785456,0.405227190523591,0.0108825391084185,0.00356270910570576
2003-05-06 23:57:59.500000,0.143599623306876,0.466187985894054,0.370566342069404,0.00560531377735032,0.00110703694798429
2003-05-22 23:57:54.500000,0.0980704403653389,0.414104123338438,0.437019260330934,0.0381182747083823,0.00273532869156343
2003-07-17 23:45:41.000000,0.0782351178858031,0.422280955796183,0.4439095225558,0.0421656120346077,0.00272812281545906
2003-08-02 23:45:59.500000,0.0701146125328225,0.405983768875998,0.423072203635033,0.0831359074057329,0.00760918708744009
2003-08-18 23:46:15.500000,0.0637984899177606,0.442987476263655,0.447563975042917,0.0291708111040781,0.00547517858757573
2003-09-03 23:46:31.500000,0.0887757030473185,0.371019576815253,0.359248711456724,0.136142508364228,0.0340401482955059
2003-09-19 23:46:48.500000,0.0719617506104049,0.448246496066556,0.439071073333937,0.02266931910661,0.00609006239262139
2003-10-05 23:47:00.500000,0.0371322254880307,0.425936628608012,0.493176388574861,0.0270649634486397,0.0055392267691612
2003-11-06 23:47:17.000000,0.0422860566055365,0.484340717967273,0.452774527534111,0.00411881725291618,0.00493263405371191
2003-12-08 23:47:44.500000,0.0281993399041949,0.532861831992062,0.422415408264736,0.00155077312596076,0.00436748349760376
2003-12-24 23:47:55.500000,0.0317466769147755,0.522396961750641,0.423191201736089,0.00685414594447961,0.00507279139162673
2004-01-09 23:47:59.500000,0.0441088253911416,0.515107514241822,0.420166922868222,0.00429514422642192,0.00478343430689936
2004-01-25 23:48:04.000000,0.0494430780360456,0.493135907405774,0.43741522741657,0.00307894022967719,0.00467944660457546
2004-02-26 23:48:13.500000,0.0577374536577018,0.472022877294525,0.447273804141404,0.00571932362781445,0.00423636856858667
2004-03-13 23:48:19.000000,0.0829008499864734,0.454937878650867,0.431238403110577,0.0124513970521747,0.00493715525816077
2004-07-03 23:51:14.500000,0.0450306272812186,0.361122622475121,0.520065153816525,0.0590464963387817,0.00315114143864342
2004-07-19 23:51:39.500000,0.0426520028936111,0.328985848630083,0.519583732706417,0.0939732344696627,0.00309250384302378
2004-09-05 23:52:49.500000,0.051438570974111,0.391373073951179,0.527478478251004,0.0120630880414527,0.00459524567065133
2004-11-08 23:54:13.000000,0.0651878062796968,0.51110104570608,0.403020601903165,0.00360635115996,0.00501359734659433
2004-11-24 23:54:29.000000,0.0744373813184005,0.520081698164398,0.386204494077227,0.00239171715344968,0.00473370105796184
2005-01-11 23:55:17.500000,0.0600826024053289,0.489566145221166,0.430718600235104,0.00374355728366037,0.0034406365855864
2005-02-12 23:55:45.500000,0.0358758025138351,0.395579663622438,0.458553983181136,0.0965819694366579,0.0032326611809386
2005-02-28 23:56:01.000000,0.0337670223348091,0.415066687765626,0.529517497061209,0.00582783253458721,0.00368930283027399
2005-04-01 23:56:18.000000,0.055704691904105,0.413393587036276,0.501464441403296,0.0116867109544223,0.00432304081059281
2005-04-17 23:56:21.500000,0.0510830713147138,0.395870266575482,0.518941900205055,0.0169377990430622,0.00359535201640465
2005-06-04 23:56:42.500000,0.0839866624468942,0.298453793290534,0.394277375892915,0.206347771046207,0.00495524007595623
2005-07-06 23:56:52.500000,0.0564528890496655,0.254173116918339,0.435683832172891,0.238687946468939,0.00409621123067185
2005-07-22 23:57:04.000000,0.0549806040329555,0.324691156524089,0.493703815896591,0.110733339361606,0.00377972691925129
2005-08-23 23:57:18.500000,0.0494538385026318,0.364901030834583,0.514517316213077,0.0525363956958134,0.00609458359707026
2005-09-08 23:57:22.000000,0.0531987973596565,0.291682114115208,0.438559589474635,0.189537932905326,0.0158784700244145
2006-01-30 23:59:25.500000,0.0296399312777438,0.451831494710205,0.499464779817324,0.00333212767881364,0.00354914549235916
2006-02-15 23:59:47.000000,0.0357535491455436,0.464847771046239,0.476751243331231,0.0061669228682521,0.00383850257708654
2006-03-03 12:00:13.652512,0.0347922958676683,0.45276069264853,0.48642942399854,0.00925038430237815,0.00402839316393887
2006-04-21 00:01:00.500000,0.0392227189085633,0.335520462816257,0.468772002721379,0.141059418192113,0.00336062317642815
2006-05-23 00:01:27.000000,0.0389721945926708,0.347678994484137,0.475247174247202,0.12414323175694,0.00281218916719414
2006-07-10 00:02:11.000000,0.0451095035717881,0.347865901076024,0.476494167646274,0.117185098110137,0.00270820146487024
2006-08-11 00:02:36.000000,0.0559534768062611,0.40281368116463,0.476350845465195,0.0492901709015282,0.00340898815444434
2006-09-12 00:03:00.500000,0.064484492268775,0.458850619405035,0.452253277873231,0.00712993941586039,0.00484220996473461
2006-10-30 00:03:30.500000,0.0839169002622508,0.535257301745174,0.362401437743028,0.00235554751785876,0.00360792115019441
2006-12-01 00:03:47.500000,0.0947374177245824,0.578074180241857,0.314360473826686,0.000289649524075868,0.00011985497547967
2006-12-17 00:03:55.500000,0.0916125327787537,0.557088706031279,0.334549597612838,0.00184917261958586,0.00250022606022244
2007-02-03 00:04:11.500000,0.0631930102179744,0.561826069264816,0.358877746631718,0.000926846912017361,0.0032462247942852
2007-04-08 00:04:04.500000,0.0634221448594405,0.527183425264472,0.39216185911928,0.00188986345962564,0.00341350935889321
2007-04-24 00:03:58.500000,0.0546570582878443,0.516560018214936,0.410870081967213,0.0036247723132969,0.00234061930783242
2007-05-26 00:03:37.000000,0.0578929378787043,0.422819784790656,0.492865087259252,0.0140292974048286,0.00221539017994394
2007-07-13 00:02:54.500000,0.0516365403744135,0.374629803779721,0.517031738855225,0.0420019893299575,0.00311963106971697
2007-08-14 00:02:37.500000,0.0527254724659194,0.430238312686506,0.494271227054854,0.00783072610543449,0.00327335202097839
2007-08-30 00:02:26.500000,0.0703783343883135,0.465983497603792,0.445498869698902,0.00301564336739307,0.00316032190975676
2007-09-15 00:02:20.000000,0.0851584392105881,0.486901065087718,0.410462101048681,0.00244244280803313,0.00287614760572125
2008-01-21 00:00:15.000000,0.028869608463733,0.585904466949971,0.370044353015685,0.00119359797450041,0.00383398137263767
2008-03-08 23:59:23.000000,0.0313043222714837,0.541447327968217,0.411893570847279,0.00215661452210869,0.00302920698073967
2008-10-02 23:53:43.500000,0.11914332218104,0.530094900081426,0.332858395876655,0.00199385116194954,0.00349489103897278
2008-10-18 23:53:11.500000,0.113670720680004,0.539844787051326,0.330166380323723,0.00105796184103445,0.00285740121168279
2008-11-03 23:52:38.500000,0.126582059860763,0.548378243964269,0.308717876842393,0.000786689574102541,0.00321909756759201
2008-12-21 23:53:39.500000,0.146532894640494,0.563295126701939,0.276454984354492,0.000605318011627964,0.000712713142723248
2009-01-22 23:54:30.000000,0.079228727733109,0.545764354824217,0.359594628809153,0.000424993218193327,0.00317840672755222
2009-02-07 23:54:55.500000,0.0216384396505577,0.652086208307114,0.307106617212596,0.011113535331497,0.00233179698366378
2009-02-23 23:55:19.500000,0.0831148385930381,0.50835486933717,0.390222759743246,0.00286192241613166,0.00348584863007505
2009-03-27 23:56:03.500000,0.0617017361425595,0.510378967356922,0.407932498417579,0.00495071887150737,0.00369382403472285
2009-09-19 23:59:02.500000,0.0695489646442249,0.493616918347059,0.418913916267289,0.00403291436838774,0.00206619043313139
2009-10-21 23:59:24.000000,0.0625816981644255,0.572326250113117,0.347588977303563,0.00169997287277331,0.0040374355728366
2009-11-06 23:59:32.500000,0.0600796184103861,0.619783117822454,0.304345555655998,0.00114386472556289,0.0031422370919613
2009-12-08 23:59:47.500000,0.0694244925588163,0.620729784613556,0.294142591217213,0.000634595316216496,0.00344561753175327
2010-02-10 12:00:14.676525,0.0465378424812837,0.569870829188918,0.369124875666875,0.00182656659734153,0.00134279772131296
2010-05-01 12:00:09.570531,0.129895786237459,0.402439551496501,0.446618862464872,0.0054796997920246,0.0029206980739669
2010-09-06 23:59:28.000000,0.0472567514713203,0.279925867981322,0.488913351949734,0.159756774211153,0.0127343344945834
2010-09-22 23:59:22.500000,0.0829173523826971,0.337046704041952,0.430635952617763,0.108617415679537,0.0289899629261235
2010-10-08 23:59:15.500000,0.061933647009759,0.387047781957092,0.498047251096884,0.0342427528505379,0.00614345930298507
2010-12-27 23:59:07.500000,0.053241974862126,0.307033230852717,0.316922370919623,0.306252825752781,0.00818790125689484
2011-01-28 23:59:10.500000,0.0321132882635772,0.382485801179836,0.500015893518036,0.0698994173903485,0.00546883587996043
2011-03-01 23:59:11.500000,0.0294821864544962,0.207341983904495,0.318811194502214,0.42808572203635,0.0088027850619405
2011-04-02 23:59:03.000000,0.0472198661723935,0.302101907948263,0.499756397504314,0.132254272538204,0.00703047291798535
2011-08-24 23:57:59.000000,0.0295462519215245,0.171155167736685,0.253246134370198,0.51242879102993,0.0273758929378787
2011-09-25 23:57:33.500000,0.0774358893209641,0.352930418663507,0.492320915091785,0.0543629622931549,0.0101998372366398
2013-03-26 00:10:28.000000,0.0443102902613975,0.446197395786229,0.488705127045816,0.00387467221267746,0.00430418663531965
2013-05-26 00:11:17.000000,0.0515198480875866,0.406194457003296,0.495408309973787,0.0298173433402658,0.0033366488832625
2013-07-29 00:11:13.000000,0.0711389818247622,0.289963513880089,0.423899222352863,0.193503029206981,0.00961660186273623
2013-08-14 00:11:14.000000,0.0627562166561665,0.349649244958835,0.437936748349771,0.127909395062845,0.0100144678542364
2013-11-18 00:10:54.000000,0.0780205714802924,0.465042137625471,0.431543448774744,0.0078940229677186,0.00559725110769509
2013-12-20 00:10:41.500000,0.076500825906347,0.485156278038284,0.4214910484639,0.00240640111899953,0.00246161491140487
2014-01-05 00:10:35.000000,0.0630383398137863,0.456931955873108,0.459795144226371,0.00268107423817705,0.00538475449859843
2014-01-21 00:10:22.000000,0.0648124604395122,0.436488018808248,0.475074283389059,0.0056605479699792,0.00487837960032553
2014-02-06 00:10:13.500000,0.0644535672303619,0.427877339723294,0.47963260692644,0.0104891943213672,0.00386110859933086
2014-02-22 00:10:00.000000,0.0393624649607151,0.412842888145378,0.509212044488628,0.0217153449678994,0.00441269554209241
2014-03-10 00:09:47.000000,0.0448817361398413,0.403756403217768,0.512675762374244,0.0216427628325249,0.00369787247557816
2014-04-27 00:09:03.000000,0.0288117822588316,0.363531693643143,0.533211999276633,0.0594945293426169,0.00292521927841577
2014-05-13 00:08:48.000000,0.0386246496066924,0.274719459263963,0.46955710281222,0.202522832082467,0.00317388552310335
2014-09-02 00:09:20.000000,0.0294397058966898,0.29879183240781,0.492313632429181,0.163342118827866,0.00489199677108762
2014-10-04 00:09:25.000000,0.0469194773488371,0.387475314223723,0.528396012297688,0.0186092775115291,0.00583687494348494
2014-11-05 00:09:27.000000,0.0662284112488087,0.443816258251206,0.466092187358637,0.00676824305995117,0.00462519215118908
2015-02-09 00:09:07.000000,0.0642519667239877,0.460840446694985,0.452679265756332,0.00551134822316665,0.00434035627091057
2015-02-25 00:09:02.000000,0.0503080005065378,0.451890103827553,0.473907911873174,0.00770566529194704,0.00408798205629115
2015-03-13 00:08:50.000000,0.0802322542725512,0.433848087530518,0.455821502848278,0.0133104258974591,0.00369834523917172
2015-03-29 00:08:42.000000,0.0520269463785719,0.431157699611224,0.486602947825274,0.0134505832353739,0.00404647798173433
2015-04-30 00:08:29.000000,0.0524180884108209,0.402269932503208,0.497936110326742,0.0289525700700473,0.00546532705427981
2015-05-16 00:08:14.500000,0.0538433402658852,0.37795564698432,0.503406411067912,0.0474138710552491,0.00410073243512072
2015-06-01 00:08:21.000000,0.0490453476806459,0.330989917714077,0.478021520933171,0.125883895469753,0.00332308526991591
2015-07-03 00:08:39.000000,0.0679141875395595,0.364558233113252,0.48177154353922,0.0681707206799892,0.00426349579527986
2015-07-19 00:08:48.000000,0.0702709708051345,0.35952472311848,0.484410530701606,0.0695619313392053,0.00310552987800742
2015-08-20 00:08:59.000000,0.0800891850077334,0.382300943254982,0.471363826920153,0.0491141388431402,0.0044866996057294
2015-09-05 00:09:04.000000,0.0726293968713182,0.397073514784352,0.4654333574464,0.0463875576453567,0.00607197757482593
2015-10-23 00:09:18.000000,0.0707433312234806,0.463130617596523,0.409521792205458,0.0399538837146216,0.00476987069355276
2015-11-24 00:09:23.000000,0.0724936703138244,0.491543493986833,0.416635816981687,0.00341803056334207,0.00411881725291618
2016-02-12 00:09:12.000000,0.0591706302559603,0.469500090424064,0.450804050999161,0.00460258612894475,0.0039334478705127
2016-02-28 00:09:07.500000,0.0615179039696646,0.457575458902238,0.458919115652365,0.00540283931639389,0.00448955601772312
2016-03-15 00:09:04.000000,0.0599629455974717,0.454981950773167,0.459546743628089,0.00879928258306514,0.00380558729407266
2016-03-31 00:08:53.000000,0.0649452030021198,0.439077855140614,0.466481869970095,0.0123881001898906,0.00410525363956958
2016-11-10 00:09:33.000000,0.0921943665792749,0.366066416493332,0.415986617234839,0.100384302378154,0.0136043041866353
2016-12-12 00:09:31.000000,0.0772546794466538,0.384279636495122,0.473193371914312,0.0457907586581065,0.00746450854507641
2017-01-29 00:09:18.000000,0.0391730264943137,0.419894022967716,0.519705172257876,0.00485125237363234,0.00419115652409802
2017-02-14 00:09:10.500000,0.0312186738640597,0.412861897818137,0.534116799956501,0.00605012181757252,0.00383114001322332
2017-03-02 00:09:05.000000,0.0537548602948473,0.400303327606391,0.511786327877745,0.0163667601048919,0.00465231937788227
2017-03-18 00:08:55.000000,0.0374087168822318,0.394876797178689,0.533332127678795,0.0170494619766706,0.00421376254634235
2017-04-03 00:08:47.500000,0.0596760064858487,0.376729069445474,0.521732035513702,0.0239114529779325,0.00453314086846476
2017-06-06 00:08:52.500000,0.0077885432679236,0.334062211773213,0.480060312867378,0.166701329234108,0.00243692919793833
2017-08-09 00:09:15.000000,0.0333194910002621,0.333725035171295,0.48023364591675,0.136518879404327,0.00450554371870208
2017-08-25 00:09:19.000000,0.0311142508364568,0.331936703137729,0.433647074780718,0.183217289085812,0.00980197124513971
2017-09-10 00:09:20.500000,0.0400010990521235,0.384274717223104,0.488755552502669,0.0672940422219169,0.00780784906351605
2017-09-26 00:09:26.000000,0.0505797540465413,0.401294285197627,0.486066959037927,0.041816619947554,0.00824667691473008
2017-11-13 00:09:29.000000,0.0882712270549115,0.437862058052241,0.388638620128373,0.0653540103083461,0.00835066461705398
2017-11-29 00:09:23.000000,0.0833526087349983,0.459969617506075,0.387488064020239,0.0469165385658739,0.0108825391084185
2017-12-15 00:09:24.000000,0.077800886156116,0.450220860837299,0.405292431503704,0.0410706212134913,0.0144678542363686
2017-12-31 00:09:23.000000,0.0649550592278364,0.442556198571333,0.440982683786902,0.0318880549778461,0.00816981643909938
2018-01-16 00:09:16.500000,0.0584011212587679,0.44109327244787,0.470942580703449,0.0128583054525726,0.00475630708020617
2018-02-01 00:09:07.000000,0.0585679537029215,0.417926846912014,0.493787819875196,0.0123248033276065,0.00444434397323447
2018-02-17 00:09:01.500000,0.051378289176286,0.421212451397065,0.498577448232194,0.0116240166380324,0.00417759291075142
2018-03-05 00:08:54.000000,0.0774849074654783,0.39632298259574,0.494510558883249,0.0140533764391515,0.00354397688874646
2018-03-21 00:08:45.500000,0.0534368387738969,0.40138954697516,0.50977181481146,0.0170630255900172,0.00420019893299575
2018-04-06 00:08:38.000000,0.0359209241342222,0.399921602314739,0.516974048286459,0.0296681435934533,0.0045438104711095
2018-04-22 00:08:28.500000,0.0404692558097886,0.384998236730123,0.514317750248648,0.0424179401392531,0.00440365313319468
2018-05-08 00:08:19.500000,0.0307638574916639,0.375875847725727,0.500810561533589,0.0758703318564065,0.00390632064381951
2018-05-24 00:08:08.000000,0.0190866262772556,0.359964327696864,0.501521023600708,0.104647798173433,0.00360339994574555
2018-06-25 00:08:14.000000,0.021190523555494,0.302517858757614,0.430092277782811,0.232023691111312,0.00402839316393887
2018-07-27 00:08:28.000000,0.0313415769961461,0.357603038249376,0.480080160954877,0.114797902161136,0.00409169002622299
2018-08-12 00:08:38.000000,0.030692558097512,0.36655068270188,0.478261958585789,0.10741025409169,0.00528528800072339
2018-08-28 00:08:45.500000,0.036883262501168,0.412506781806769,0.471959580432245,0.0615335925490551,0.00562437833438828
2018-09-13 00:08:51.000000,0.062594267112787,0.408143050908805,0.441183244416286,0.0694366579256714,0.00678632787774663
2018-09-29 00:08:57.000000,0.0728444409742637,0.420372391042356,0.439940903478913,0.0461645821031725,0.00864243920768694
2018-10-31 00:09:08.500000,0.0825321909756939,0.452642237091916,0.396352201826528,0.0460077764716521,0.0108418482683787
2018-11-16 00:09:10.000000,0.0885208879645698,0.454519802875445,0.389463649516198,0.0434849443891853,0.0124785242788679
2018-12-18 00:09:06.000000,0.0827832534587418,0.479107966362225,0.374009223257072,0.0392757030472918,0.0137851523645899
2019-01-03 00:09:06.000000,0.088748621032662,0.481753413509358,0.380603897278251,0.0295551134822317,0.00785785333212768
2019-01-19 00:09:03.000000,0.0913144045574024,0.468323446966222,0.419071389818251,0.00438104711095036,0.00471109503571752
2019-02-20 00:08:57.000000,0.0690141965820108,0.449076408355155,0.453905371190861,0.0112216294420834,0.00458450131114929
2019-04-09 00:08:44.000000,0.0879883986623905,0.410997391415171,0.462026556569941,0.0231291249472889,0.00280471898873209
2019-04-25 00:08:37.000000,0.0502868252102602,0.411724613437056,0.451419477348704,0.0710733339361606,0.00389727823492178
2019-05-11 00:08:45.500000,0.0438294262172903,0.357932554172513,0.437159818467272,0.146642414041184,0.00327591433755492
2019-05-27 00:08:55.000000,0.0418425280949132,0.329872396040756,0.424305228295865,0.190328519297522,0.00313857021731085
2019-06-28 00:09:07.000000,0.028232344696651,0.351117596527744,0.461059544262595,0.14653223618772,0.00298399493625102
2019-07-30 00:09:16.000000,0.0426322904421952,0.271480875305219,0.390165566506929,0.281838321728909,0.00417307170630256
2019-08-15 00:09:22.000000,0.0451694547427759,0.370096889411339,0.443048060403227,0.126177773758929,0.00451216203996745
2019-08-31 00:09:26.000000,0.0591369472827856,0.396794737317996,0.440949905054676,0.0858847997106429,0.00576905687675197
2019-10-02 00:09:35.000000,0.0850163215480764,0.427065783524717,0.381812324803346,0.0860611266841487,0.00865810651957682
2019-10-18 00:09:37.500000,0.0819421285830771,0.446629487295432,0.381014196581995,0.0707297223980468,0.00832805859480966
2019-11-19 00:09:33.500000,0.107995117099212,0.494994664978802,0.340616873135006,0.0368523374627001,0.00775386562980378
2019-12-05 00:09:33.000000,0.101437743014757,0.508666199475607,0.358733746270023,0.0141558911293969,0.00500949452934262
2020-01-22 00:09:22.500000,0.0832239814882705,0.493205943444429,0.405227661977993,0.00225475548429415,0.00385813716201443
2020-02-07 00:09:17.000000,0.05951113925771,0.57660050211475,0.310859882839914,0.0415624363874878,0.0046773573383394
2020-02-23 00:09:14.000000,0.0803305452572813,0.459667284564604,0.439739578623718,0.0035446242879103,0.00366217560358079
2020-03-26 00:08:59.000000,0.092082228839112,0.402556783107514,0.476896628417859,0.0114973310577726,0.00363575293220524
2020-04-27 00:08:44.000000,0.0432706845104188,0.383099963830311,0.496869427615541,0.0605750972058956,0.00364409078578533
2020-05-29 00:08:41.500000,0.0407735780812404,0.316090198028779,0.445528845284417,0.182046297133556,0.00433583506646171
2020-06-14 00:08:52.000000,0.0757252385805563,0.292364495506415,0.423354952283892,0.192666543129806,0.00436393959047531
2020-06-30 00:09:00.000000,0.0515422606250963,0.305485414070624,0.435558309483748,0.191467995855414,0.0048338285839484
2020-08-17 00:09:15.500000,0.0431704494077881,0.329779681707229,0.453411293968726,0.157107333393616,0.00530789402296772
2020-10-20 00:09:34.000000,0.0681130995734328,0.418998590630063,0.432421231354203,0.0603522478977687,0.0086785028518459
2020-11-21 00:09:33.000000,0.0896444838858905,0.466596562559427,0.372265532323368,0.0543189865164673,0.00552833896279124
2020-12-23 00:09:33.000000,0.0726405642463383,0.479232299484562,0.405933086174168,0.0260647436477077,0.00473822226241071
2021-01-08 00:09:28.000000,0.0718845087871203,0.499318735673234,0.410628003815961,0.00229228174719795,0.00447605311583031
2021-02-09 00:09:20.000000,0.060031196733894,0.481751402722687,0.438939039773545,0.00352658730338145,0.00429520248488767
2021-02-25 00:09:15.000000,0.0628499798804119,0.466073958865524,0.451692490629623,0.00338642806440091,0.00401940527270014
2021-03-29 00:09:01.000000,0.040773678999228,0.450335071006541,0.485373298308587,0.00789865130641975,0.00402392653847371
2021-04-30 00:08:47.000000,0.0857163719555101,0.41338706104157,0.457520989976294,0.0260831822477021,0.00421834096673705
