<?xml version="1.0" encoding="UTF-8"?>
<metadata xml:lang="en"><Esri><CreaDate>20141009</CreaDate><CreaTime>10081300</CreaTime><SyncOnce>FALSE</SyncOnce><DataProperties><lineage><Process ToolSource="C:\Program Files (x86)\ArcGIS\Desktop10.0\ArcToolbox\Toolboxes\Data Management Tools.tbx\CalculateField" Date="20120118" Time="164344">CalculateField mpa_network IUCN "II" VB #</Process><Process ToolSource="C:\Program Files (x86)\ArcGIS\Desktop10.0\ArcToolbox\Toolboxes\Data Management Tools.tbx\CalculateField" Date="20120118" Time="164406">CalculateField mpa_network IUCN "VI" VB #</Process><Process ToolSource="C:\Program Files (x86)\ArcGIS\Desktop10.0\ArcToolbox\Toolboxes\Data Management Tools.tbx\CalculateField" Date="20120118" Time="164426">CalculateField mpa_network IUCN "VI" VB #</Process><Process ToolSource="C:\Program Files (x86)\ArcGIS\Desktop10.0\ArcToolbox\Toolboxes\Data Management Tools.tbx\CalculateField" Date="20120118" Time="164623">CalculateField mpa_network Highly "High" VB #</Process><Process ToolSource="C:\Program Files (x86)\ArcGIS\Desktop10.0\ArcToolbox\Toolboxes\Data Management Tools.tbx\CalculateField" Date="20120118" Time="164642">CalculateField mpa_network Highly "Low" VB #</Process><Process ToolSource="C:\Program Files (x86)\ArcGIS\Desktop10.0\ArcToolbox\Toolboxes\Data Management Tools.tbx\CalculateField" Date="20120118" Time="164945">CalculateField mpa_network ZONE "Multiple Use Zone" VB #</Process><Process ToolSource="C:\Program Files (x86)\ArcGIS\Desktop10.0\ArcToolbox\Toolboxes\Data Management Tools.tbx\CalculateField" Date="20120118" Time="165136">CalculateField mpa_network ZONE "Special Purpose Zone" VB #</Process><Process ToolSource="C:\Program Files (x86)\ArcGIS\Desktop10.0\ArcToolbox\Toolboxes\Data Management Tools.tbx\CalculateField" Date="20120119" Time="084511">CalculateField mpa_network Highly "High" VB #</Process><Process ToolSource="C:\Program Files (x86)\ArcGIS\Desktop10.0\ArcToolbox\Toolboxes\Data Management Tools.tbx\CalculateField" Date="20120119" Time="084542">CalculateField mpa_network Highly "Low" VB #</Process><Process ToolSource="C:\Program Files (x86)\ArcGIS\Desktop10.0\ArcToolbox\Toolboxes\Data Management Tools.tbx\CalculateField" Date="20120119" Time="085927">CalculateField mpa_network Status "Existing" VB #</Process><Process ToolSource="C:\Program Files (x86)\ArcGIS\Desktop10.0\ArcToolbox\Toolboxes\Data Management Tools.tbx\CalculateField" Date="20120119" Time="091521">CalculateField mpa_network Status "Existing" VB #</Process><Process ToolSource="C:\Program Files (x86)\ArcGIS\Desktop10.0\ArcToolbox\Toolboxes\Data Management Tools.tbx\CalculateField" Date="20120119" Time="091622">CalculateField mpa_network Status "Proposed" VB #</Process><Process ToolSource="C:\Program Files (x86)\ArcGIS\Desktop10.0\ArcToolbox\Toolboxes\Data Management Tools.tbx\CalculateField" Date="20120119" Time="093820">CalculateField mpa_network Status "Existing" VB #</Process><Process ToolSource="c:\program files (x86)\arcgis\desktop10.0\ArcToolbox\Toolboxes\Data Management Tools.tbx\Dissolve" Date="20120119" Time="100056">Dissolve mpa_network2 N:\Marine\rmp\all_rmps\bioregion_analysis\all_regions\data\conservation_feature_analysis.gdb\mpa_network3 MPA_NAME;SUB_NAME;ZONE;IUCN;Protection;Status # MULTI_PART DISSOLVE_LINES</Process><Process ToolSource="C:\Program Files (x86)\ArcGIS\Desktop10.0\ArcToolbox\Toolboxes\Data Management Tools.tbx\CalculateField" Date="20120517" Time="114339">CalculateField mpa_network_may2012 Region "GBRMP" VB #</Process><Process ToolSource="C:\Program Files (x86)\ArcGIS\Desktop10.0\ArcToolbox\Toolboxes\Data Management Tools.tbx\CalculateField" Date="20120517" Time="114412">CalculateField mpa_network_may2012 Region "South-east" VB #</Process><Process ToolSource="C:\Program Files (x86)\ArcGIS\Desktop10.0\ArcToolbox\Toolboxes\Data Management Tools.tbx\CalculateField" Date="20120517" Time="114426">CalculateField mpa_network_may2012 Region "North-west" VB #</Process><Process ToolSource="C:\Program Files (x86)\ArcGIS\Desktop10.0\ArcToolbox\Toolboxes\Data Management Tools.tbx\CalculateField" Date="20120517" Time="125959">CalculateField mpa_network_may2012 Status "Proposed" VB #</Process><Process ToolSource="C:\Program Files (x86)\ArcGIS\Desktop10.0\ArcToolbox\Toolboxes\Data Management Tools.tbx\CalculateField" Date="20120517" Time="130252">CalculateField mpa_network_may2012 Protection "Low" VB #</Process><Process ToolSource="C:\Program Files (x86)\ArcGIS\Desktop10.0\ArcToolbox\Toolboxes\Data Management Tools.tbx\CalculateField" Date="20120517" Time="130651">CalculateField mpa_network_may2012 MPA_NAME "Abrolhos" VB #</Process><Process ToolSource="C:\Program Files (x86)\ArcGIS\Desktop10.0\ArcToolbox\Toolboxes\Data Management Tools.tbx\CalculateField" Date="20120517" Time="130707">CalculateField mpa_network_may2012 SUB_NAME "Kalbarri extension" VB #</Process><Process ToolSource="C:\Program Files (x86)\ArcGIS\Desktop10.0\ArcToolbox\Toolboxes\Data Management Tools.tbx\CalculateField" Date="20120517" Time="130727">CalculateField mpa_network_may2012 SUB_NAME "Wallaby extension" VB #</Process><Process ToolSource="C:\Program Files (x86)\ArcGIS\Desktop10.0\ArcToolbox\Toolboxes\Data Management Tools.tbx\CalculateField" Date="20120517" Time="131606">CalculateField mpa_network_may2012 Label "[ZONE] &amp; "(IUCN " &amp; [IUCN] &amp; ")"" VB #</Process><Process ToolSource="C:\Program Files (x86)\ArcGIS\Desktop10.0\ArcToolbox\Toolboxes\Data Management Tools.tbx\CalculateField" Date="20120517" Time="131635">CalculateField mpa_network_may2012 Label "[ZONE] &amp; " (IUCN " &amp; [IUCN] &amp; ")"" VB #</Process><Process ToolSource="C:\Program Files (x86)\ArcGIS\Desktop10.0\ArcToolbox\Toolboxes\Data Management Tools.tbx\CalculateField" Date="20120517" Time="133853">CalculateField mpa_network_may2012 Authority "COMM" VB #</Process><Process ToolSource="C:\Program Files (x86)\ArcGIS\Desktop10.0\ArcToolbox\Toolboxes\Data Management Tools.tbx\CalculateField" Date="20120517" Time="134042">CalculateField mpa_network_may2012 Label "[ZONE] &amp; " (IUCN " &amp; [IUCN] &amp; ")"" VB #</Process><Process ToolSource="C:\Program Files (x86)\ArcGIS\Desktop10.0\ArcToolbox\Toolboxes\Data Management Tools.tbx\CalculateField" Date="20120517" Time="171702">CalculateField mpa_network_may2012 Region "HIMI" VB #</Process><Process ToolSource="C:\Program Files (x86)\ArcGIS\Desktop10.0\ArcToolbox\Toolboxes\Data Management Tools.tbx\CalculateField" Date="20120517" Time="171707">CalculateField mpa_network_may2012 MPA_NAME "HIMI" VB #</Process><Process ToolSource="c:\program files (x86)\arcgis\desktop10.0\ArcToolbox\Toolboxes\Conversion Tools.tbx\FeatureClassToFeatureClass" Date="20120518" Time="112911">FeatureClassToFeatureClass N:\Marine\rmp\all_rmps\bioregion_analysis\all_regions\data\conservation_feature_analysis.gdb\mpa_network_may2012 N:\Marine\rmp\all_rmps\proposed_mpas\data comm_mpa_network_may2012.shp ""MPA_NAME" &lt;&gt; 'GBRMP'" "Region "Region" true true false 60 Text 0 0 ,First,#,N:\Marine\rmp\all_rmps\bioregion_analysis\all_regions\data\conservation_feature_analysis.gdb\mpa_network_may2012,Region,-1,-1;MPA_NAME "MPA_NAME" true true false 254 Text 0 0 ,First,#,N:\Marine\rmp\all_rmps\bioregion_analysis\all_regions\data\conservation_feature_analysis.gdb\mpa_network_may2012,MPA_NAME,-1,-1;SUB_NAME "SUB_NAME" true true false 254 Text 0 0 ,First,#,N:\Marine\rmp\all_rmps\bioregion_analysis\all_regions\data\conservation_feature_analysis.gdb\mpa_network_may2012,SUB_NAME,-1,-1;ZONE "ZONE" true true false 254 Text 0 0 ,First,#,N:\Marine\rmp\all_rmps\bioregion_analysis\all_regions\data\conservation_feature_analysis.gdb\mpa_network_may2012,ZONE,-1,-1;IUCN "IUCN" true true false 5 Text 0 0 ,First,#,N:\Marine\rmp\all_rmps\bioregion_analysis\all_regions\data\conservation_feature_analysis.gdb\mpa_network_may2012,IUCN,-1,-1;Label "Label" true true false 100 Text 0 0 ,First,#,N:\Marine\rmp\all_rmps\bioregion_analysis\all_regions\data\conservation_feature_analysis.gdb\mpa_network_may2012,Label,-1,-1;Protection "Protection" true true false 5 Text 0 0 ,First,#,N:\Marine\rmp\all_rmps\bioregion_analysis\all_regions\data\conservation_feature_analysis.gdb\mpa_network_may2012,Protection,-1,-1;Status "Status" true true false 50 Text 0 0 ,First,#,N:\Marine\rmp\all_rmps\bioregion_analysis\all_regions\data\conservation_feature_analysis.gdb\mpa_network_may2012,Status,-1,-1;Authority "Authority" true true false 50 Text 0 0 ,First,#,N:\Marine\rmp\all_rmps\bioregion_analysis\all_regions\data\conservation_feature_analysis.gdb\mpa_network_may2012,Authority,-1,-1;SHAPE_Leng "SHAPE_Length" false true true 8 Double 0 0 ,First,#,N:\Marine\rmp\all_rmps\bioregion_analysis\all_regions\data\conservation_feature_analysis.gdb\mpa_network_may2012,SHAPE_Length,-1,-1;SHAPE_Area "SHAPE_Area" false true true 8 Double 0 0 ,First,#,N:\Marine\rmp\all_rmps\bioregion_analysis\all_regions\data\conservation_feature_analysis.gdb\mpa_network_may2012,SHAPE_Area,-1,-1;Area_km2 "Area_km2" true true false 8 Double 0 0 ,First,#,N:\Marine\rmp\all_rmps\bioregion_analysis\all_regions\data\conservation_feature_analysis.gdb\mpa_network_may2012,Area_km2,-1,-1" SMALL_VECTOR</Process><Process ToolSource="C:\Program Files (x86)\ArcGIS\Desktop10.0\ArcToolbox\Toolboxes\Data Management Tools.tbx\CalculateField" Date="20120607" Time="190224">CalculateField "Proposed zoning" Network [Region] VB #</Process><Process ToolSource="C:\Program Files (x86)\ArcGIS\Desktop10.0\ArcToolbox\Toolboxes\Data Management Tools.tbx\CalculateField" Date="20120607" Time="190301">CalculateField "Proposed zoning" Network [Region] VB #</Process><Process ToolSource="C:\Program Files (x86)\ArcGIS\Desktop10.0\ArcToolbox\Toolboxes\Data Management Tools.tbx\CalculateField" Date="20120607" Time="190326">CalculateField "Proposed zoning" Network "South-west" VB #</Process><Process ToolSource="C:\Program Files (x86)\ArcGIS\Desktop10.0\ArcToolbox\Toolboxes\Data Management Tools.tbx\CalculateField" Date="20120607" Time="190349">CalculateField "Proposed zoning" Network "North" VB #</Process><Process ToolSource="C:\Program Files (x86)\ArcGIS\Desktop10.0\ArcToolbox\Toolboxes\Data Management Tools.tbx\CalculateField" Date="20120607" Time="190518">CalculateField "Proposed zoning" Network "South-west" VB #</Process><Process ToolSource="C:\Program Files (x86)\ArcGIS\Desktop10.0\ArcToolbox\Toolboxes\Data Management Tools.tbx\CalculateField" Date="20120607" Time="190604">CalculateField "Proposed zoning" Network "South-west" VB #</Process><Process ToolSource="C:\Program Files (x86)\ArcGIS\Desktop10.0\ArcToolbox\Toolboxes\Data Management Tools.tbx\CalculateField" Date="20120607" Time="190709">CalculateField "Proposed zoning" Network "South-west" VB #</Process><Process ToolSource="C:\Program Files (x86)\ArcGIS\Desktop10.0\ArcToolbox\Toolboxes\Data Management Tools.tbx\CalculateField" Date="20120611" Time="092657">CalculateField comm_mpa_network_may2012 MPA_NAME "Central Eastern" VB #</Process><Process ToolSource="C:\Program Files (x86)\ArcGIS\Desktop10.0\ArcToolbox\Toolboxes\Data Management Tools.tbx\CalculateField" Date="20120611" Time="143325">CalculateField comm_mpa_network_may2012 Network "Coral Sea" VB #</Process><Process ToolSource="C:\Program Files (x86)\ArcGIS\Desktop10.0\ArcToolbox\Toolboxes\Data Management Tools.tbx\CalculateField" Date="20120611" Time="165632">CalculateField comm_mpa_network_may2012 MPA_NAME "Great Australian Bight" VB #</Process><Process ToolSource="C:\Program Files (x86)\ArcGIS\Desktop10.0\ArcToolbox\Toolboxes\Data Management Tools.tbx\CalculateField" Date="20120614" Time="113208">CalculateField final_network_proposal_2012 MPA_NAME "Solitary Islands" VB #</Process><Process ToolSource="C:\Program Files (x86)\ArcGIS\Desktop10.0\ArcToolbox\Toolboxes\Data Management Tools.tbx\CalculateField" Date="20120614" Time="115822">CalculateField final_network_proposal_2012 MPA_NAME "Ningaloo" VB #</Process><Process ToolSource="C:\Program Files (x86)\ArcGIS\Desktop10.0\ArcToolbox\Toolboxes\Data Management Tools.tbx\CalculateField" Date="20120614" Time="121021">CalculateField final_network_proposal_2012 Label "Recreational Use Zone (IUCN IV)" VB #</Process><Process ToolSource="C:\Program Files (x86)\ArcGIS\Desktop10.0\ArcToolbox\Toolboxes\Data Management Tools.tbx\CalculateField" Date="20120614" Time="121034">CalculateField final_network_proposal_2012 IUCN "IV" VB #</Process><Process ToolSource="c:\program files (x86)\arcgis\desktop10.0\ArcToolbox\Toolboxes\Conversion Tools.tbx\FeatureClassToFeatureClass" Date="20120618" Time="162240">FeatureClassToFeatureClass N:\Marine\rmp\all_rmps\proposed_mpas\data\final_network_proposal_2012.shp "Database Connections\SPATDEV.sde" final_cmr_network # "Network "Network" true true false 30 Text 0 0 ,First,#,N:\Marine\rmp\all_rmps\proposed_mpas\data\final_network_proposal_2012.shp,Network,-1,-1;MPA_NAME "MPA_NAME" true true false 254 Text 0 0 ,First,#,N:\Marine\rmp\all_rmps\proposed_mpas\data\final_network_proposal_2012.shp,MPA_NAME,-1,-1;ZONE "ZONE" true true false 254 Text 0 0 ,First,#,N:\Marine\rmp\all_rmps\proposed_mpas\data\final_network_proposal_2012.shp,ZONE,-1,-1;IUCN "IUCN" true true false 5 Text 0 0 ,First,#,N:\Marine\rmp\all_rmps\proposed_mpas\data\final_network_proposal_2012.shp,IUCN,-1,-1;Label "Label" true true false 100 Text 0 0 ,First,#,N:\Marine\rmp\all_rmps\proposed_mpas\data\final_network_proposal_2012.shp,Label,-1,-1;Status "Status" true true false 50 Text 0 0 ,First,#,N:\Marine\rmp\all_rmps\proposed_mpas\data\final_network_proposal_2012.shp,Status,-1,-1;Area_km2 "Area_km2" true true false 19 Double 0 0 ,First,#,N:\Marine\rmp\all_rmps\proposed_mpas\data\final_network_proposal_2012.shp,Area_km2,-1,-1" SMALL_VECTOR</Process><Process ToolSource="C:\Program Files (x86)\ArcGIS\Desktop10.0\ArcToolbox\Toolboxes\Data Management Tools.tbx\ChangePrivileges" Date="20120618" Time="162351">ChangePrivileges 'Database Connections\SPATDEV.sde\MARINE_TEAM.final_cmr_network' 'CORE_SELECT' # #</Process><Process ToolSource="C:\Program Files (x86)\ArcGIS\Desktop10.0\ArcToolbox\Toolboxes\Data Management Tools.tbx\CalculateField" Date="20121120" Time="090148">CalculateField commonwealth_marine_reserves_network_2012_v2 Status "Reserve proclaimed 17 November 2012, no changes on the water until management plans come into effect in July 2014" VB #</Process><Process ToolSource="C:\Program Files (x86)\ArcGIS\Desktop10.0\ArcToolbox\Toolboxes\Data Management Tools.tbx\CalculateField" Date="20121120" Time="090423">CalculateField commonwealth_marine_reserves_network_2012_v2 Status "The SE network is currently managed under interim management arrangements and these remain in effect until a management plan is in place" VB #</Process><Process ToolSource="C:\Program Files (x86)\ArcGIS\Desktop10.0\ArcToolbox\Toolboxes\Data Management Tools.tbx\CalculateField" Date="20121120" Time="090630">CalculateField commonwealth_marine_reserves_network_2012_v2 Status "This reserve has been renamed and incorporated into the North-west Network of Commonwealth Marine Reserves. Interim management arrangements continue to apply until a network management plan comes into effect in July 2014" VB #</Process><Process ToolSource="C:\Program Files (x86)\ArcGIS\Desktop10.0\ArcToolbox\Toolboxes\Data Management Tools.tbx\CalculateField" Date="20121120" Time="091023">CalculateField commonwealth_marine_reserves_network_2012_v2 Status "The South-east Network of Commonwealth Marine Reserves is currently managed under interim management arrangements and these remain in effect until a management plan is in place" VB #</Process><Process ToolSource="C:\Program Files (x86)\ArcGIS\Desktop10.0\ArcToolbox\Toolboxes\Data Management Tools.tbx\CalculateField" Date="20121120" Time="091158">CalculateField commonwealth_marine_reserves_network_2012_v2 Status "This reserve was proclaimed on  17 November 2012. There are NO CHANGES ON THE WATER until management plans come into effect in July 2014" VB #</Process><Process ToolSource="C:\Program Files (x86)\ArcGIS\Desktop10.0\ArcToolbox\Toolboxes\Data Management Tools.tbx\CalculateField" Date="20121120" Time="091217">CalculateField commonwealth_marine_reserves_network_2012_v2 Status "This reserve was proclaimed on 17 November 2012. There are NO CHANGES ON THE WATER until management plans come into effect in July 2014" VB #</Process><Process ToolSource="C:\Program Files (x86)\ArcGIS\Desktop10.0\ArcToolbox\Toolboxes\Data Management Tools.tbx\CalculateField" Date="20121120" Time="091821">CalculateField commonwealth_marine_reserves_network_2012_v2 Status "This part of the reserve was formerly known as the Great Australian Bight Marine Park (Commonwealth Waters). Interim management arrangements continue to apply until a network management plan comes into effect in July 2014" VB #</Process><Process ToolSource="C:\Program Files (x86)\ArcGIS\Desktop10.0\ArcToolbox\Toolboxes\Data Management Tools.tbx\CalculateField" Date="20121120" Time="101323">CalculateField commonwealth_marine_reserves_network_2012_v2 Status "This reserve was proclaimed on 17 November 2012. There are NO CHANGES ON THE WATER until a South-west network management plan comes into effect in July 2014" VB #</Process><Process ToolSource="C:\Program Files (x86)\ArcGIS\Desktop10.0\ArcToolbox\Toolboxes\Data Management Tools.tbx\CalculateField" Date="20121120" Time="101438">CalculateField commonwealth_marine_reserves_network_2012_v2 Status "This reserve was proclaimed on 17 November 2012. There are NO CHANGES ON THE WATER until a Temperate East network management plan comes into effect in July 2014" VB #</Process><Process ToolSource="C:\Program Files (x86)\ArcGIS\Desktop10.0\ArcToolbox\Toolboxes\Data Management Tools.tbx\CalculateField" Date="20121123" Time="112120">CalculateField commonwealth_marine_reserves_network_2012 Legend [Label] VB #</Process><Process ToolSource="C:\Program Files (x86)\ArcGIS\Desktop10.0\ArcToolbox\Toolboxes\Data Management Tools.tbx\CalculateField" Date="20121123" Time="112724">CalculateField commonwealth_marine_reserves_network_2012 Legend "Sanctuary, Benthic Sanctuary and Marine National Park Zones (IUCN Ia and II)" VB #</Process><Process ToolSource="C:\Program Files (x86)\ArcGIS\Desktop10.0\ArcToolbox\Toolboxes\Data Management Tools.tbx\CalculateField" Date="20121123" Time="112830">CalculateField commonwealth_marine_reserves_network_2012 Legend "Recreational Use Zones (IUCN II and IV)" VB #</Process><Process ToolSource="C:\Program Files (x86)\ArcGIS\Desktop10.0\ArcToolbox\Toolboxes\Data Management Tools.tbx\CalculateField" Date="20121123" Time="112941">CalculateField commonwealth_marine_reserves_network_2012 Legend "Habitat Protection and Conservation Park Zones (IUCN IV)" VB #</Process><Process ToolSource="C:\Program Files (x86)\ArcGIS\Desktop10.0\ArcToolbox\Toolboxes\Data Management Tools.tbx\CalculateField" Date="20121123" Time="113009">CalculateField commonwealth_marine_reserves_network_2012 Legend "Habitat Protection and Conservation Park Zones (IUCN IV)" VB #</Process><Process ToolSource="C:\Program Files (x86)\ArcGIS\Desktop10.0\ArcToolbox\Toolboxes\Data Management Tools.tbx\CalculateField" Date="20121123" Time="113102">CalculateField commonwealth_marine_reserves_network_2012 Legend "Special Purpose Zones (IUCN VI)" VB #</Process><Process ToolSource="C:\Program Files (x86)\ArcGIS\Desktop10.0\ArcToolbox\Toolboxes\Data Management Tools.tbx\CalculateField" Date="20121123" Time="113158">CalculateField commonwealth_marine_reserves_network_2012 Legend "Multiple Use Zones (IUCN VI)" VB #</Process><Process ToolSource="c:\program files (x86)\arcgis\desktop10.1\ArcToolbox\Toolboxes\Conversion Tools.tbx\FeatureClassToFeatureClass" Date="20130628" Time="125456">FeatureClassToFeatureClass N:\Marine\data\protected_areas\mpa\commonwealth\data\commonwealth_marine_reserves_network_status.shp "Database Connections\SPATDEV.sde" comm_marine_reserves # "Network "Network" true true false 30 Text 0 0 ,First,#,N:\Marine\data\protected_areas\mpa\commonwealth\data\commonwealth_marine_reserves_network_status.shp,Network,-1,-1;MPA_NAME "MPA_NAME" true true false 254 Text 0 0 ,First,#,N:\Marine\data\protected_areas\mpa\commonwealth\data\commonwealth_marine_reserves_network_status.shp,MPA_NAME,-1,-1;ZONE "ZONE" true true false 254 Text 0 0 ,First,#,N:\Marine\data\protected_areas\mpa\commonwealth\data\commonwealth_marine_reserves_network_status.shp,ZONE,-1,-1;IUCN "IUCN" true true false 5 Text 0 0 ,First,#,N:\Marine\data\protected_areas\mpa\commonwealth\data\commonwealth_marine_reserves_network_status.shp,IUCN,-1,-1;Label "Label" true true false 100 Text 0 0 ,First,#,N:\Marine\data\protected_areas\mpa\commonwealth\data\commonwealth_marine_reserves_network_status.shp,Label,-1,-1;STATUS "STATUS" true true false 250 Text 0 0 ,First,#,N:\Marine\data\protected_areas\mpa\commonwealth\data\commonwealth_marine_reserves_network_status.shp,STATUS,-1,-1;Area_km2 "Area_km2" true true false 19 Double 0 0 ,First,#,N:\Marine\data\protected_areas\mpa\commonwealth\data\commonwealth_marine_reserves_network_status.shp,Area_km2,-1,-1;LEGEND "LEGEND" true true false 100 Text 0 0 ,First,#,N:\Marine\data\protected_areas\mpa\commonwealth\data\commonwealth_marine_reserves_network_status.shp,LEGEND,-1,-1" SMALL_VECTOR</Process><Process ToolSource="C:\Program Files (x86)\ArcGIS\Desktop10.0\ArcToolbox\Toolboxes\Data Management Tools.tbx\Dissolve" Date="20141009" Time="100455">Dissolve commonwealth_marine_reserves_network_july2013 C:\Users\u83869\Documents\ArcGIS\Default.gdb\commonwealth_marine_reserves1 MPA_NAME # SINGLE_PART DISSOLVE_LINES</Process></lineage><itemProps><itemName Sync="TRUE">commonwealth_marine_reserves1</itemName><imsContentType Sync="TRUE">002</imsContentType><nativeExtBox><westBL Sync="TRUE">70.900000</westBL><eastBL Sync="TRUE">170.366667</eastBL><southBL Sync="TRUE">-58.449469</southBL><northBL Sync="TRUE">-8.881889</northBL><exTypeCode Sync="TRUE">1</exTypeCode></nativeExtBox><itemLocation><linkage Sync="TRUE">file://\\PC-63958\C$\Users\u83869\Documents\ArcGIS\Default.gdb</linkage><protocol Sync="TRUE">Local Area Network</protocol></itemLocation><itemSize Sync="TRUE">0.902</itemSize></itemProps><coordRef><type Sync="TRUE">Geographic</type><geogcsn Sync="TRUE">GCS_GDA_1994</geogcsn><csUnits Sync="TRUE">Angular Unit: Degree (0.017453)</csUnits><peXml Sync="TRUE">&lt;GeographicCoordinateSystem xsi:type='typens:GeographicCoordinateSystem' xmlns:xsi='http://www.w3.org/2001/XMLSchema-instance' xmlns:xs='http://www.w3.org/2001/XMLSchema' xmlns:typens='http://www.esri.com/schemas/ArcGIS/10.0'&gt;&lt;WKT&gt;GEOGCS[&amp;quot;GCS_GDA_1994&amp;quot;,DATUM[&amp;quot;D_GDA_1994&amp;quot;,SPHEROID[&amp;quot;GRS_1980&amp;quot;,6378137.0,298.257222101]],PRIMEM[&amp;quot;Greenwich&amp;quot;,0.0],UNIT[&amp;quot;Degree&amp;quot;,0.0174532925199433],AUTHORITY[&amp;quot;EPSG&amp;quot;,4283]]&lt;/WKT&gt;&lt;XOrigin&gt;-399.99999999999989&lt;/XOrigin&gt;&lt;YOrigin&gt;-399.99999999999989&lt;/YOrigin&gt;&lt;XYScale&gt;1111948722.2222221&lt;/XYScale&gt;&lt;ZOrigin&gt;-100000&lt;/ZOrigin&gt;&lt;ZScale&gt;10000&lt;/ZScale&gt;&lt;MOrigin&gt;-100000&lt;/MOrigin&gt;&lt;MScale&gt;10000&lt;/MScale&gt;&lt;XYTolerance&gt;8.9831528411952117e-009&lt;/XYTolerance&gt;&lt;ZTolerance&gt;0.001&lt;/ZTolerance&gt;&lt;MTolerance&gt;0.001&lt;/MTolerance&gt;&lt;HighPrecision&gt;true&lt;/HighPrecision&gt;&lt;LeftLongitude&gt;-180&lt;/LeftLongitude&gt;&lt;WKID&gt;4283&lt;/WKID&gt;&lt;/GeographicCoordinateSystem&gt;</peXml></coordRef><copyHistory><copy source="N:\Marine\rmp\all_rmps\proposed_mpas\export\final_commonwealth_reserves_network_proposal_2012" dest="\\pvac01file01\erin_share$\Marine\rmp\all_rmps\proposed_mpas\export\final_commonwealth_reserves_network_proposal_2012Copy" date="20121120" time="08404800"></copy></copyHistory></DataProperties><SyncDate>20141009</SyncDate><SyncTime>10045400</SyncTime><ModDate>20141009</ModDate><ModTime>10045400</ModTime><ArcGISstyle>Department Metadata</ArcGISstyle><ArcGISFormat>1.0</ArcGISFormat></Esri><dataIdInfo><envirDesc Sync="TRUE">Microsoft Windows 7 Version 6.1 (Build 7601) Service Pack 1; ESRI ArcGIS 10.0.5.4400</envirDesc><spatRpType><SpatRepTypCd value="001" Sync="TRUE"></SpatRepTypCd></spatRpType><dataExt><geoEle><GeoBndBox esriExtentType="search"><exTypeCode Sync="TRUE">1</exTypeCode><westBL>170.366667</westBL><eastBL>170.366667</eastBL><northBL>-8.881889</northBL><southBL>-58.449469</southBL></GeoBndBox></geoEle></dataExt><idAbs>Consistent with the Australian Government's commitment to develop a National Representative System of Marine Protected Areas (MPAs), networks of Commonwealth Marine Reserves has been proclaimed for Commonwealth waters across the South-west, North-west, North, Coral Sea and Temperate East Marine Regions. These networks build on previous Marine Protected Area proclamations, including the South-east network declared in 2007.

This dataset is released under Creative Commons by Attribution-NonCommercial 3.0 Australia (CC BY-NC 3.0).

IMPORTANT INFORMATION FOR MARINE USERS 
The Commonwealth marine reserves declared in November 2012 are under transitional arrangements until management plans come into effect in July 2014. Transitional arrangements involve NO CHANGES ON THE WATER for marine users. Note, there are no changes to management arrangements in the marine reserves that existed prior to the establishment of the new reserves, that is, the same restrictions on activities will continue to apply even where those reserves have been incorporated into new reserves. The South-east Network of Commonwealth Marine Reserves are managed under the South-east Commonwealth Marine Reserves Network Management Plan 2013-23, in place from 1 July 2013. More information is available at www.environment.gov.au/marinereserves

This data contains spatial and contextual information about Commonwealth Marine Reserves under the jurisdiction of the Commonwealth governments Environment Protection and Biodiversity Conservation Act 1999, which are managed by the Australian Government Department of Sustainability, Environment, Water, Population and Communities (DSEWPaC). It does not include data on MPA's in other Australian jurisdictions (e.g. the Great Barrier Reef Marine Park, State/Territory parks), or Terrestrial Protected Areas with marine components (eg Pulu Keeling National Park).</idAbs><dsFormat><formatName>Shapefile</formatName><formatVer>1</formatVer></dsFormat><idStatus><ProgCd value="001"></ProgCd></idStatus><resMaint><maintFreq><MaintFreqCd value="009"></MaintFreqCd></maintFreq></resMaint><resConst><LegConsts><useLimit>None</useLimit><accessConsts><RestrictCd value="005"></RestrictCd></accessConsts><othConsts>Data is available under licence</othConsts></LegConsts></resConst><dataExr><geoEle><GeoBndBox><exTypeCode>1</exTypeCode></GeoBndBox></geoEle></dataExr><geoBox esriExtentType="decdegrees"><northBL>-8.881889</northBL><southBL>-58.449469</southBL><westBL>170.366667</westBL><eastBL>170.366667</eastBL><exTypeCode>1</exTypeCode></geoBox><idCitation><resTitle>Australia's network of Commonwealth Marine Reserves</resTitle><resAltTitle>N:\Marine\data\protected_areas\mpa\commonwealth\export\commonwealth_marine_reserves_network_july2013.shp</resAltTitle><resRefDate><refDate>19820816</refDate><refDateType><DateTypCd value="001"></DateTypCd></refDateType></resRefDate><resRefDate><refDate>20130701</refDate><refDateType><DateTypCd value="003"></DateTypCd></refDateType></resRefDate><citId><MdIdent><identCode>ISOCW0501015737</identCode></MdIdent></citId><citRespParty><rpOrgName>Australian Government Department of Sustainability, Environment, Water, Population and Communities</rpOrgName><rpPosName>Marine Data Manager</rpPosName><rpCntInfo><cntPhone><voiceNum>02 6274 1111</voiceNum><faxNum>02 6274 1666</faxNum></cntPhone><cntAddress><delPoint>GPO Box 787</delPoint><city>Canberra</city><adminArea>ACT</adminArea><postCode>2601</postCode><country>Australia</country><eMailAdd>marine.metadata@environment.gov.au</eMailAdd></cntAddress><cntOnlineRes><linkage>http://www.environment.gov.au/</linkage></cntOnlineRes></rpCntInfo><role><RoleCd value="002"></RoleCd></role></citRespParty><citRespParty><rpOrgName>Australian Government Department of Sustainability, Environment, Water, Population and Communities</rpOrgName><rpPosName>Metadata Publisher</rpPosName><rpCntInfo><cntPhone><voiceNum>(02) 6274 1111</voiceNum><faxNum>(02) 6274 1333</faxNum></cntPhone><cntAddress><delPoint>GPO Box 787</delPoint><city>CANBERRA</city><adminArea>ACT</adminArea><postCode>2601</postCode><country>Australia</country><eMailAdd>metadata@environment.gov.au</eMailAdd></cntAddress><cntOnlineRes><linkage>http://www.environment.gov.au/</linkage></cntOnlineRes></rpCntInfo><role><RoleCd value="010"></RoleCd></role></citRespParty><presForm><PresFormCd value="005" Sync="TRUE"></PresFormCd></presForm></idCitation><idPoC><rpOrgName>Australian Government Department of Sustainability, Environment, Water, Population and Communities</rpOrgName><rpPosName>Marine Data Manager</rpPosName><rpCntInfo><cntPhone><voiceNum>02 6274 1111</voiceNum><faxNum>02 6274 1666</faxNum></cntPhone><cntAddress><delPoint>GPO Box 787</delPoint><city>Canberra</city><adminArea>ACT</adminArea><postCode>2601</postCode><country>Australia</country><eMailAdd>marine.metadata@environment.gov.au</eMailAdd></cntAddress><cntOnlineRes><linkage>http://www.environment.gov.au/</linkage></cntOnlineRes></rpCntInfo><role><RoleCd value="007"></RoleCd></role></idPoC><descKeys><keyword>MARINE_Conservation</keyword><keyword>MARINE_Planning</keyword><keyword>MARINE_Reserve</keyword><keyword>MARINE_Networks</keyword><keyTyp><KeyTypCd value="005"></KeyTypCd></keyTyp><thesaName><resTitle>ANZLIC Search Words</resTitle><resRefDate><refDate>20080515</refDate><refDateType><DateTypCd value="003"></DateTypCd></refDateType></resRefDate><resEd>Version 2.1</resEd><resEdDate>20080515</resEdDate></thesaName></descKeys><dataScale><equScale><rfDenom>150,000</rfDenom></equScale></dataScale><tpCat><TopicCatCd value="014"></TopicCatCd></tpCat><suppInfo>not to be published</suppInfo><dataLang><languageCode value="en"></languageCode><countryCode value="AUS" Sync="TRUE"></countryCode></dataLang><dataChar><CharSetCd value="004"></CharSetCd></dataChar></dataIdInfo><mdLang><languageCode value="eng" Sync="TRUE"></languageCode><countryCode value="AUS" Sync="TRUE"></countryCode></mdLang><mdChar><CharSetCd value="004" Sync="TRUE"></CharSetCd></mdChar><distInfo><distFormat><formatName Sync="TRUE">File Geodatabase Feature Class</formatName></distFormat><distTranOps><transSize Sync="TRUE">0.902</transSize></distTranOps><distributor><distorCont><rpOrgName>Australian Government Department of Sustainability, Environment, Water, Population and Communities</rpOrgName><rpCntInfo><cntPhone><voiceNum>(02) 6274 1111</voiceNum><faxNum>(02) 6274 1333</faxNum></cntPhone><cntAddress><delPoint>GPO Box 787</delPoint><city>CANBERRA</city><adminArea>ACT</adminArea><postCode>2601</postCode><country>Australia</country><eMailAdd>metadata@environment.gov.au</eMailAdd></cntAddress><cntOnlineRes><linkage>http://www.environment.gov.au</linkage></cntOnlineRes></rpCntInfo><role><RoleCd value="005"></RoleCd></role></distorCont><distorFormat><formatName>Shapefile</formatName><formatVer>1</formatVer></distorFormat><distorTran><onLineSrc><linkage Sync="TRUE"></linkage><orDesc>003</orDesc></onLineSrc><onLineSrc><linkage>hhtp://www.environment.gov.au</linkage><orDesc>002</orDesc></onLineSrc></distorTran></distributor></distInfo><mdHrLv><ScopeCd value="005" Sync="TRUE"></ScopeCd></mdHrLv><mdHrLvName Sync="TRUE">dataset</mdHrLvName><refSysInfo><RefSystem><refSysID><identCode code="4283" Sync="TRUE" value="4283"></identCode><idCodeSpace Sync="TRUE">EPSG</idCodeSpace><idVersion Sync="TRUE">7.4.1</idVersion></refSysID></RefSystem></refSysInfo><spatRepInfo><VectSpatRep><geometObjs Name="commonwealth_marine_reserves1"><geoObjTyp><GeoObjTypCd value="002" Sync="TRUE"></GeoObjTypCd></geoObjTyp><geoObjCnt Sync="TRUE">0</geoObjCnt></geometObjs><topLvl><TopoLevCd value="001" Sync="TRUE"></TopoLevCd></topLvl></VectSpatRep></spatRepInfo><spdoinfo><direct Sync="TRUE">Vector</direct><ptvctinf><esriterm><efeatyp Sync="TRUE">Simple</efeatyp><efeageom code="4" Sync="TRUE"></efeageom><esritopo Sync="TRUE">FALSE</esritopo><efeacnt Sync="TRUE">0</efeacnt><spindex Sync="TRUE">TRUE</spindex><linrefer Sync="TRUE">FALSE</linrefer></esriterm></ptvctinf></spdoinfo><eainfo><detailed Name="commonwealth_marine_reserves1"><enttyp><enttypl Sync="TRUE">commonwealth_marine_reserves1</enttypl><enttypt Sync="TRUE">Feature Class</enttypt><enttypc Sync="TRUE">0</enttypc></enttyp><attr><attrlabl Sync="TRUE">OBJECTID</attrlabl><attalias Sync="TRUE">OBJECTID</attalias><attrtype Sync="TRUE">OID</attrtype><attwidth Sync="TRUE">4</attwidth><atprecis Sync="TRUE">0</atprecis><attscale Sync="TRUE">0</attscale><attrdef Sync="TRUE">Internal feature number.</attrdef><attrdefs Sync="TRUE">ESRI</attrdefs><attrdomv><udom Sync="TRUE">Sequential unique whole numbers that are automatically generated.</udom></attrdomv></attr><attr><attrlabl Sync="TRUE">SHAPE</attrlabl><attalias Sync="TRUE">Shape</attalias><attrtype Sync="TRUE">Geometry</attrtype><attwidth Sync="TRUE">0</attwidth><atprecis Sync="TRUE">0</atprecis><attscale Sync="TRUE">0</attscale><attrdef Sync="TRUE">Feature geometry.</attrdef><attrdefs Sync="TRUE">ESRI</attrdefs><attrdomv><udom Sync="TRUE">Coordinates defining the features.</udom></attrdomv></attr><attr><attrlabl Sync="TRUE">MPA_NAME</attrlabl><attalias Sync="TRUE">MPA_NAME</attalias><attrtype Sync="TRUE">String</attrtype><attwidth Sync="TRUE">254</attwidth><atprecis Sync="TRUE">0</atprecis><attscale Sync="TRUE">0</attscale></attr><attr><attrlabl Sync="TRUE">Shape_Length</attrlabl><attalias Sync="TRUE">Shape_Length</attalias><attrtype Sync="TRUE">Double</attrtype><attwidth Sync="TRUE">8</attwidth><atprecis Sync="TRUE">0</atprecis><attscale Sync="TRUE">0</attscale><attrdef Sync="TRUE">Length of feature in internal units.</attrdef><attrdefs Sync="TRUE">ESRI</attrdefs><attrdomv><udom Sync="TRUE">Positive real numbers that are automatically generated.</udom></attrdomv></attr><attr><attrlabl Sync="TRUE">Shape_Area</attrlabl><attalias Sync="TRUE">Shape_Area</attalias><attrtype Sync="TRUE">Double</attrtype><attwidth Sync="TRUE">8</attwidth><atprecis Sync="TRUE">0</atprecis><attscale Sync="TRUE">0</attscale><attrdef Sync="TRUE">Area of feature in internal units squared.</attrdef><attrdefs Sync="TRUE">ESRI</attrdefs><attrdomv><udom Sync="TRUE">Positive real numbers that are automatically generated.</udom></attrdomv></attr></detailed></eainfo><mdDateSt>20130723</mdDateSt><idinfo><native Sync="TRUE">Microsoft Windows 7 Version 6.1 (Build 7600) ; ESRI ArcGIS 10.0.4.4000</native><citation><citeinfo><onlink Sync="TRUE">file://\\pvac01file01\erin_share$\Marine\rmp\all_rmps\proposed_mpas\export\commonwealth_marine_reserves_network_2012_v2.shp</onlink><title>Australia's network of Commonwealth Marine Reserves</title></citeinfo></citation><descript><langdata Sync="TRUE">eng</langdata></descript><natvform Sync="TRUE">Shapefile</natvform><spdom><bounding><westbc Sync="TRUE">70.9000000000001</westbc><eastbc Sync="TRUE">170.36666667</eastbc><northbc Sync="TRUE">-8.88188990429126</northbc><southbc Sync="TRUE">-58.4494699459999</southbc></bounding></spdom></idinfo><metainfo><langmeta Sync="TRUE">en</langmeta><metd Sync="TRUE">20120119</metd></metainfo><spref><horizsys><cordsysn><geogcsn Sync="TRUE">GCS_GDA_1994</geogcsn></cordsysn><geodetic><horizdn Sync="TRUE">D_GDA_1994</horizdn><ellips Sync="TRUE">GRS_1980</ellips><semiaxis Sync="TRUE">6378137</semiaxis></geodetic></horizsys></spref><mdFileID>733ead4a-4cb8-4766-bb78-0fa08fd5ff6a</mdFileID><mdStanName>ANZLIC Metadata Profile</mdStanName><mdStanVer>1.1</mdStanVer><distinfo><resdesc></resdesc></distinfo><mdContact><rpOrgName>Australian Government Department of Sustainability, Environment, Water, Population and Communities</rpOrgName><rpPosName>Marine Data Manager</rpPosName><rpCntInfo><cntPhone><voiceNum>02 6274 1111</voiceNum><faxNum>02 6274 1666</faxNum></cntPhone><cntAddress><delPoint>GPO Box 787</delPoint><city>Canberra</city><adminArea>ACT</adminArea><postCode>2601</postCode><country>Australia</country><eMailAdd>marine.metadata@environment.gov.au</eMailAdd></cntAddress><cntOnlineRes><linkage>http://www.environment.gov.au/</linkage></cntOnlineRes></rpCntInfo><role><RoleCd value="007"></RoleCd></role></mdContact><dqInfo><dataLineage><statement>Australia's network of Commonwealth Marine Reserves have been created in accordance with the Australian Government's 'Goals and Principles for the Establishment of the National Representative System of Marine Protected Areas in Commonwealth Waters'. Boundaries of the areas are based on analysis done by DSEWPaC of key environmental and socio-economic data.

The lines that make up the reserve boundaries were created/sourced from:
- parallels and meridians were generated in ArcGIS and then densified to 0.05 decimal degrees (approx. 5km) prior to incorporation with other linework. 
- intermediate points along geodesic lines (note that, geodesic lines are the shortest line between points, they are not lines of constant bearing) were generated. A maximum segment length of 5km was used, which for this data ensures geodesic lines are within 1 metre of their true position.
- maritime boundaries were sourced from AMB 2006 v2.0 (Geoscience Australia).

For each MPA, appropriate linework was generated/selected and then intersected to form polygons.</statement><dataSource><srcCitatn><resTitle>Australia's network of Commonwealth Marine Reserves. © Commonwealth of Australia, Australian Government Department of Sustainability, Environment, Water, Population and Communities, 2013.</resTitle><resRefDate><refDate>20000101</refDate><refDateType><DateTypCd value="003"></DateTypCd></refDateType></resRefDate></srcCitatn></dataSource></dataLineage><dqReport><DQAbsExtPosAcc><measResult><ConResult><conSpec><resTitle>ERIN Check</resTitle><resRefDate><refDate>20000101</refDate><refDateType><DateTypCd value="003"></DateTypCd></refDateType></resRefDate></conSpec><conExpl>The areas identified should be considered as authoritative, and therefore accurate in the context of their intended use. Line work from the AMB dataset has a scale of about 150,000.</conExpl><conPass>1</conPass></ConResult></measResult></DQAbsExtPosAcc><DQNonQuanAttAcc><measResult><ConResult><conSpec><resTitle>ERIN Check</resTitle><resRefDate><refDate>20000101</refDate><refDateType><DateTypCd value="003"></DateTypCd></refDateType></resRefDate></conSpec><conExpl>Attributes include Reserve (name of each marine reserve), Network, Zone (type of management zone within each reserve) and Area_km2 (area in square kms). The attributes should be considered authoritative.</conExpl><conPass>1</conPass></ConResult></measResult></DQNonQuanAttAcc><DQConcConsis><measResult><ConResult><conSpec><resTitle>ERIN Check</resTitle><resRefDate><refDate>20000101</refDate><refDateType><DateTypCd value="003"></DateTypCd></refDateType></resRefDate></conSpec><conExpl>The extent, boundaries and attributes of the data conforms with it's intended use.</conExpl><conPass>1</conPass></ConResult></measResult></DQConcConsis><DQCompOm><measResult><ConResult><conSpec><resTitle>ERIN Check</resTitle><resRefDate><refDate>20000101</refDate><refDateType><DateTypCd value="003"></DateTypCd></refDateType></resRefDate></conSpec><conExpl>Spatial and attribute data is complete for the commonwealth marine reserves networks.</conExpl><conPass>1</conPass></ConResult></measResult></DQCompOm></dqReport><dqScope><scpLvl><ScopeCd value="005"></ScopeCd></scpLvl></dqScope></dqInfo></metadata>
